Open,High,Low,Close,Adj_close,Volume,Date,Stock_Name
51.669998,52.080002,51.610001,51.880001,45.731686,2310500.0,2017-07-10T00:00:00,BK
51.880001,51.950001,51.450001,51.470001,45.37027,3142000.0,2017-07-11T00:00:00,BK
51.209999,51.459999,51.139999,51.450001,45.352646,3053700.0,2017-07-12T00:00:00,BK
51.549999,52.080002,51.43,52.060001,45.890354,2784800.0,2017-07-13T00:00:00,BK
51.689999,52.5,51.599998,52.360001,46.1548,3938400.0,2017-07-14T00:00:00,BK
52.880001,53.540001,52.389999,53.349998,47.027481,6866600.0,2017-07-17T00:00:00,BK
52.91,53.540001,52.82,53.529999,47.186131,6323000.0,2017-07-18T00:00:00,BK
53.299999,53.619999,52.619999,53.060001,46.771854,9438500.0,2017-07-19T00:00:00,BK
53.560001,54.59,53.259998,53.91,47.521107,7372900.0,2017-07-20T00:00:00,BK
53.75,54.029999,53.220001,53.360001,47.036289,5666000.0,2017-07-21T00:00:00,BK
53.349998,53.59,53.290001,53.470001,47.133251,3947200.0,2017-07-24T00:00:00,BK
54.189999,54.41,53.669998,53.73,47.362438,3639100.0,2017-07-25T00:00:00,BK
53.73,54.07,53.240002,53.389999,47.062733,3498300.0,2017-07-26T00:00:00,BK
53.380001,53.470001,52.389999,52.860001,46.595547,3618100.0,2017-07-27T00:00:00,BK
52.720001,52.959999,52.349998,52.66,46.630974,2255200.0,2017-07-28T00:00:00,BK
52.900002,53.18,52.860001,53.029999,46.958595,3611800.0,2017-07-31T00:00:00,BK
53.349998,53.830002,53.16,53.709999,47.56076,5325200.0,2017-08-01T00:00:00,BK
53.619999,53.93,53.560001,53.91,47.737846,4387800.0,2017-08-02T00:00:00,BK
53.82,53.950001,53.669998,53.82,47.658161,2849100.0,2017-08-03T00:00:00,BK
53.939999,54.290001,53.869999,54.02,47.835266,3150900.0,2017-08-04T00:00:00,BK
54.02,54.029999,53.599998,53.709999,47.56076,3025900.0,2017-08-07T00:00:00,BK
53.610001,54.09,53.57,53.790001,47.631596,3007900.0,2017-08-08T00:00:00,BK
53.580002,54.099998,53.48,54.040001,47.85297,4394200.0,2017-08-09T00:00:00,BK
53.529999,53.700001,51.91,51.950001,46.002258,8383100.0,2017-08-10T00:00:00,BK
52.049999,52.68,52.040001,52.189999,46.214775,5932600.0,2017-08-11T00:00:00,BK
52.700001,53.139999,52.66,52.830002,46.781502,5114000.0,2017-08-14T00:00:00,BK
53.299999,53.540001,52.959999,53.150002,47.064865,3827600.0,2017-08-15T00:00:00,BK
53.380001,53.43,52.68,52.880001,46.825779,4273400.0,2017-08-16T00:00:00,BK
52.689999,52.790001,51.77,51.799999,45.869427,5241600.0,2017-08-17T00:00:00,BK
51.560001,52.48,51.41,52.099998,46.135082,5424000.0,2017-08-18T00:00:00,BK
52.040001,52.369999,51.900002,52.189999,46.214775,3968500.0,2017-08-21T00:00:00,BK
52.279999,52.790001,52.279999,52.66,46.630974,4142300.0,2017-08-22T00:00:00,BK
52.259998,53.099998,52.25,52.77,46.728371,3625000.0,2017-08-23T00:00:00,BK
52.849998,52.970001,52.529999,52.790001,46.746082,3379200.0,2017-08-24T00:00:00,BK
52.889999,53.23,52.599998,52.650002,46.622112,2731300.0,2017-08-25T00:00:00,BK
52.779999,52.799999,52.080002,52.27,46.285614,2107900.0,2017-08-28T00:00:00,BK
51.77,52.220001,51.540001,52.09,46.126225,3194600.0,2017-08-29T00:00:00,BK
52.099998,52.52,52.040001,52.360001,46.365314,2430800.0,2017-08-30T00:00:00,BK
52.509998,52.610001,52.029999,52.279999,46.294476,3049400.0,2017-08-31T00:00:00,BK
52.450001,52.689999,52.23,52.330002,46.338749,2844000.0,2017-09-01T00:00:00,BK
51.98,52.009998,50.959999,51.200001,45.338123,5093200.0,2017-09-05T00:00:00,BK
51.490002,51.490002,50.959999,51.27,45.400112,3041400.0,2017-09-06T00:00:00,BK
51.259998,51.360001,50.150002,50.279999,44.523457,5138400.0,2017-09-07T00:00:00,BK
50.330002,50.93,50.150002,50.43,44.656284,4952900.0,2017-09-08T00:00:00,BK
50.919998,51.560001,50.91,51.529999,45.630341,4442600.0,2017-09-11T00:00:00,BK
51.700001,52.040001,51.599998,51.990002,46.037678,3693500.0,2017-09-12T00:00:00,BK
51.790001,51.990002,50.950001,51.59,45.683468,4385600.0,2017-09-13T00:00:00,BK
51.549999,51.619999,51.009998,51.130001,45.276134,3019600.0,2017-09-14T00:00:00,BK
51.099998,51.669998,50.990002,51.560001,45.656902,5083300.0,2017-09-15T00:00:00,BK
51.68,51.93,51.540001,51.700001,45.780884,2846400.0,2017-09-18T00:00:00,BK
51.720001,52.130001,51.610001,52.040001,46.081955,3207100.0,2017-09-19T00:00:00,BK
52.16,52.529999,51.57,52.400002,46.400738,3612900.0,2017-09-20T00:00:00,BK
52.439999,52.66,52.040001,52.419998,46.418453,3116500.0,2017-09-21T00:00:00,BK
52.200001,52.459999,51.900002,52.369999,46.374168,3235800.0,2017-09-22T00:00:00,BK
52.240002,52.470001,51.740002,52.200001,46.223629,2848800.0,2017-09-25T00:00:00,BK
52.369999,52.400002,52.049999,52.119999,46.152786,2097900.0,2017-09-26T00:00:00,BK
52.959999,52.959999,52.470001,52.759998,46.719513,3390900.0,2017-09-27T00:00:00,BK
52.75,53.02,52.529999,53.009998,46.940895,2714300.0,2017-09-28T00:00:00,BK
53.02,53.32,52.799999,53.02,46.949757,2746300.0,2017-09-29T00:00:00,BK
52.91,53.669998,52.860001,53.650002,47.507622,2280900.0,2017-10-02T00:00:00,BK
53.959999,53.959999,53.450001,53.799999,47.640453,1857200.0,2017-10-03T00:00:00,BK
53.650002,54.07,53.59,53.799999,47.640453,1905100.0,2017-10-04T00:00:00,BK
53.799999,54.57,53.73,54.43,48.198326,2561900.0,2017-10-05T00:00:00,BK
54.619999,54.810001,54.040001,54.470001,48.233746,2412400.0,2017-10-06T00:00:00,BK
54.549999,54.639999,54.150002,54.330002,48.109779,1732400.0,2017-10-09T00:00:00,BK
54.369999,54.73,54.279999,54.66,48.401989,3179500.0,2017-10-10T00:00:00,BK
54.619999,54.939999,54.349998,54.880001,48.596802,2657700.0,2017-10-11T00:00:00,BK
54.950001,55.290001,54.66,54.740002,48.472832,3103600.0,2017-10-12T00:00:00,BK
54.57,55.09,54.330002,54.669998,48.410839,3156300.0,2017-10-13T00:00:00,BK
54.779999,54.970001,54.470001,54.709999,48.446266,2384400.0,2017-10-16T00:00:00,BK
54.759998,54.759998,53.759998,53.959999,47.782127,3584500.0,2017-10-17T00:00:00,BK
54.23,54.639999,54.099998,54.459999,48.224884,3513600.0,2017-10-18T00:00:00,BK
54.009998,54.139999,52.240002,52.849998,46.799221,8297800.0,2017-10-19T00:00:00,BK
53.490002,53.84,52.93,53.119999,47.038303,6977800.0,2017-10-20T00:00:00,BK
53.09,53.119999,52.290001,52.509998,46.498135,5386900.0,2017-10-23T00:00:00,BK
52.73,53.049999,52.709999,52.880001,46.825779,4447800.0,2017-10-24T00:00:00,BK
53.009998,53.110001,51.369999,51.75,45.825153,8130500.0,2017-10-25T00:00:00,BK
52.040001,52.580002,51.830002,52.220001,46.241333,4978300.0,2017-10-26T00:00:00,BK
52.07,52.299999,51.650002,52.139999,46.170502,5090800.0,2017-10-27T00:00:00,BK
51.75,52.060001,51.599998,51.650002,45.948105,3760000.0,2017-10-30T00:00:00,BK
51.540001,51.900002,51.389999,51.450001,45.770187,3745600.0,2017-10-31T00:00:00,BK
51.669998,52.080002,51.560001,51.650002,45.948105,3561500.0,2017-11-01T00:00:00,BK
51.43,51.860001,51.150002,51.400002,45.725704,5934300.0,2017-11-02T00:00:00,BK
51.299999,51.5,51.049999,51.330002,45.663429,5563900.0,2017-11-03T00:00:00,BK
51.259998,51.48,51.200001,51.349998,45.68121,3847800.0,2017-11-06T00:00:00,BK
51.5,51.720001,50.970001,51.07,45.432133,3933600.0,2017-11-07T00:00:00,BK
51.07,51.419998,50.889999,51.220001,45.565578,3267700.0,2017-11-08T00:00:00,BK
50.849998,51.240002,50.59,50.82,45.209724,4432100.0,2017-11-09T00:00:00,BK
50.889999,51.009998,50.529999,50.93,45.30759,3552500.0,2017-11-10T00:00:00,BK
50.599998,51.07,50.57,51.02,45.38765,3058100.0,2017-11-13T00:00:00,BK
50.669998,51.98,50.639999,51.849998,46.126019,6879600.0,2017-11-14T00:00:00,BK
51.380001,52.169998,51.200001,51.939999,46.206085,4890900.0,2017-11-15T00:00:00,BK
52.110001,52.709999,52.099998,52.23,46.464066,5229700.0,2017-11-16T00:00:00,BK
52.0,52.799999,51.919998,52.470001,46.677574,4337100.0,2017-11-17T00:00:00,BK
52.630001,52.77,52.369999,52.52,46.722054,4558100.0,2017-11-20T00:00:00,BK
52.639999,52.639999,52.029999,52.419998,46.633095,4905400.0,2017-11-21T00:00:00,BK
52.41,52.59,52.310001,52.43,46.641991,4545600.0,2017-11-22T00:00:00,BK
52.509998,52.549999,52.189999,52.23,46.464066,1326900.0,2017-11-24T00:00:00,BK
52.369999,52.57,52.040001,52.18,46.419594,4774100.0,2017-11-27T00:00:00,BK
52.310001,53.27,52.150002,53.130001,47.264721,4493300.0,2017-11-28T00:00:00,BK
53.580002,54.66,53.439999,54.41,48.403408,6994400.0,2017-11-29T00:00:00,BK
54.720001,55.279999,54.43,54.740002,48.69698,7684500.0,2017-11-30T00:00:00,BK
54.919998,55.16,53.68,54.450001,48.438988,5679700.0,2017-12-01T00:00:00,BK
55.209999,55.400002,54.830002,54.970001,48.901588,5985900.0,2017-12-04T00:00:00,BK
55.200001,55.200001,54.34,54.43,48.421204,4161900.0,2017-12-05T00:00:00,BK
54.34,54.380001,53.82,54.02,48.05645,3815000.0,2017-12-06T00:00:00,BK
53.799999,54.41,53.759998,54.220001,48.234386,4359200.0,2017-12-07T00:00:00,BK
54.619999,54.75,54.279999,54.669998,48.634705,4466300.0,2017-12-08T00:00:00,BK
54.689999,54.849998,54.369999,54.540001,48.519058,4123500.0,2017-12-11T00:00:00,BK
54.669998,55.23,54.57,54.970001,48.901588,4945000.0,2017-12-12T00:00:00,BK
54.990002,55.200001,54.360001,54.380001,48.376717,4294900.0,2017-12-13T00:00:00,BK
54.580002,54.639999,53.959999,54.02,48.05645,3449000.0,2017-12-14T00:00:00,BK
54.07,54.639999,53.91,54.200001,48.216599,9190500.0,2017-12-15T00:00:00,BK
54.669998,55.0,54.360001,54.419998,48.412308,3975100.0,2017-12-18T00:00:00,BK
54.73,55.0,54.169998,54.200001,48.216599,4306900.0,2017-12-19T00:00:00,BK
54.669998,54.799999,53.82,53.950001,47.994186,3782100.0,2017-12-20T00:00:00,BK
54.200001,54.700001,54.169998,54.360001,48.358932,3658700.0,2017-12-21T00:00:00,BK
54.529999,54.619999,53.82,54.0,48.038666,2482300.0,2017-12-22T00:00:00,BK
54.099998,54.380001,53.720001,53.810001,47.869652,1841900.0,2017-12-26T00:00:00,BK
53.900002,53.939999,53.720001,53.84,47.896332,2225500.0,2017-12-27T00:00:00,BK
54.009998,54.259998,53.84,54.119999,48.145424,4051600.0,2017-12-28T00:00:00,BK
54.389999,54.419998,53.849998,53.860001,47.914127,2369300.0,2017-12-29T00:00:00,BK
54.27,54.400002,53.68,53.82,47.878544,3633100.0,2018-01-02T00:00:00,BK
53.919998,54.25,53.66,54.150002,48.172104,2409300.0,2018-01-03T00:00:00,BK
54.369999,55.049999,54.259998,54.689999,48.652496,2886500.0,2018-01-04T00:00:00,BK
54.849998,54.919998,54.43,54.830002,48.777042,2514700.0,2018-01-05T00:00:00,BK
54.869999,55.259998,54.75,55.060001,48.981655,3773100.0,2018-01-08T00:00:00,BK
55.119999,55.779999,55.080002,55.560001,49.426449,4121700.0,2018-01-09T00:00:00,BK
55.950001,57.389999,55.75,57.299999,50.974373,5113400.0,2018-01-10T00:00:00,BK
57.580002,57.860001,57.240002,57.830002,51.445858,3476200.0,2018-01-11T00:00:00,BK
58.16,58.68,57.970001,58.419998,51.970718,3484200.0,2018-01-12T00:00:00,BK
58.68,58.990002,57.360001,57.540001,51.18787,5864100.0,2018-01-16T00:00:00,BK
57.799999,58.189999,57.110001,57.889999,51.499241,4253100.0,2018-01-17T00:00:00,BK
55.41,55.84,54.669998,55.349998,49.239639,11105300.0,2018-01-18T00:00:00,BK
55.560001,57.0,55.450001,56.610001,50.360546,8964500.0,2018-01-19T00:00:00,BK
56.599998,57.810001,56.470001,57.720001,51.348003,5563100.0,2018-01-22T00:00:00,BK
57.48,57.959999,57.18,57.720001,51.348003,3832700.0,2018-01-23T00:00:00,BK
57.860001,58.330002,57.369999,57.77,51.392483,3972300.0,2018-01-24T00:00:00,BK
57.75,57.889999,56.709999,56.849998,50.574047,4546100.0,2018-01-25T00:00:00,BK
56.860001,57.779999,56.669998,57.779999,51.401379,5055000.0,2018-01-26T00:00:00,BK
57.389999,57.939999,57.259998,57.52,51.383518,4057600.0,2018-01-29T00:00:00,BK
57.16,57.610001,56.700001,56.700001,50.650993,4401300.0,2018-01-30T00:00:00,BK
56.689999,57.16,56.380001,56.700001,50.650993,3484800.0,2018-01-31T00:00:00,BK
56.68,57.549999,56.380001,57.5,51.365646,3232300.0,2018-02-01T00:00:00,BK
57.119999,57.779999,56.220001,56.330002,50.320469,4359900.0,2018-02-02T00:00:00,BK
55.759998,56.720001,54.27,54.380001,48.578503,7296100.0,2018-02-05T00:00:00,BK
53.32,55.650002,52.68,55.490002,49.570084,10572000.0,2018-02-06T00:00:00,BK
55.220001,56.209999,55.209999,55.34,49.436085,6123700.0,2018-02-07T00:00:00,BK
55.299999,55.639999,53.240002,53.290001,47.60479,7132400.0,2018-02-08T00:00:00,BK
53.98,54.459999,52.110001,54.080002,48.310505,6199600.0,2018-02-09T00:00:00,BK
54.509998,55.169998,53.900002,54.610001,48.783966,4857400.0,2018-02-12T00:00:00,BK
54.360001,55.0,54.119999,54.810001,48.962627,3100300.0,2018-02-13T00:00:00,BK
54.529999,56.060001,54.529999,55.98,50.007805,4067000.0,2018-02-14T00:00:00,BK
56.5,56.68,55.669998,56.16,50.168598,3224800.0,2018-02-15T00:00:00,BK
55.98,56.599998,55.900002,56.25,50.249001,3377600.0,2018-02-16T00:00:00,BK
56.200001,56.830002,56.049999,56.419998,50.400864,2980800.0,2018-02-20T00:00:00,BK
56.470001,57.360001,56.290001,56.450001,50.427662,3890900.0,2018-02-21T00:00:00,BK
56.740002,57.41,55.799999,55.900002,49.936333,4275900.0,2018-02-22T00:00:00,BK
56.189999,56.93,56.139999,56.900002,50.829659,3208100.0,2018-02-23T00:00:00,BK
57.220001,58.220001,56.880001,58.18,51.973106,3922200.0,2018-02-26T00:00:00,BK
58.200001,58.669998,57.970001,57.990002,51.803368,4572600.0,2018-02-27T00:00:00,BK
58.060001,58.299999,56.990002,57.029999,50.945782,5078500.0,2018-02-28T00:00:00,BK
57.040001,57.189999,55.119999,55.509998,49.587952,6691100.0,2018-03-01T00:00:00,BK
55.189999,55.470001,54.110001,55.369999,49.462879,5399000.0,2018-03-02T00:00:00,BK
54.98,56.68,54.810001,56.41,50.391933,4397300.0,2018-03-05T00:00:00,BK
56.830002,57.16,56.299999,56.869999,50.802856,7012100.0,2018-03-06T00:00:00,BK
56.389999,57.099998,56.07,56.900002,50.829659,5049100.0,2018-03-07T00:00:00,BK
57.400002,57.560001,55.139999,55.689999,49.748745,8016400.0,2018-03-08T00:00:00,BK
55.939999,57.450001,55.73,57.23,51.124447,6573600.0,2018-03-09T00:00:00,BK
57.259998,57.41,56.310001,56.439999,50.418728,4794200.0,2018-03-12T00:00:00,BK
56.689999,56.830002,55.82,55.959999,49.989944,5151500.0,2018-03-13T00:00:00,BK
56.25,56.259998,54.540001,54.869999,49.016232,5617600.0,2018-03-14T00:00:00,BK
55.009998,55.09,54.509998,54.849998,48.998352,4448600.0,2018-03-15T00:00:00,BK
55.009998,55.5,54.869999,55.0,49.132362,10585000.0,2018-03-16T00:00:00,BK
55.02,55.259998,53.77,54.34,48.542767,5127600.0,2018-03-19T00:00:00,BK
54.470001,54.77,54.189999,54.43,48.623173,3676200.0,2018-03-20T00:00:00,BK
54.5,55.369999,54.41,54.610001,48.783966,4947100.0,2018-03-21T00:00:00,BK
54.0,54.060001,51.849998,52.02,46.47028,6626600.0,2018-03-22T00:00:00,BK
52.119999,52.23,50.610001,50.73,45.317905,7548200.0,2018-03-23T00:00:00,BK
51.490002,52.290001,50.869999,52.139999,46.57748,4751600.0,2018-03-26T00:00:00,BK
52.119999,52.27,50.139999,50.720001,45.308968,6267200.0,2018-03-27T00:00:00,BK
50.810001,51.380001,50.110001,50.610001,45.210705,6496100.0,2018-03-28T00:00:00,BK
50.91,52.0,50.860001,51.529999,46.032543,3896100.0,2018-03-29T00:00:00,BK
51.259998,51.57,49.389999,50.150002,44.799778,6779600.0,2018-04-02T00:00:00,BK
50.52,51.080002,49.950001,50.990002,45.550159,4487800.0,2018-04-03T00:00:00,BK
50.060001,51.59,49.900002,51.48,45.987885,3843000.0,2018-04-04T00:00:00,BK
51.759998,52.139999,51.490002,51.73,46.211212,2851500.0,2018-04-05T00:00:00,BK
51.189999,51.540001,49.82,50.349998,44.978436,5118100.0,2018-04-06T00:00:00,BK
50.75,51.759998,50.459999,50.52,45.130302,4567000.0,2018-04-09T00:00:00,BK
51.389999,51.779999,51.009998,51.380001,45.898552,4611900.0,2018-04-10T00:00:00,BK
50.860001,51.360001,50.650002,50.950001,45.514431,3782700.0,2018-04-11T00:00:00,BK
51.380001,52.259998,51.34,52.009998,46.461342,3787000.0,2018-04-12T00:00:00,BK
52.419998,52.540001,51.25,51.57,46.068287,4330700.0,2018-04-13T00:00:00,BK
51.900002,52.290001,51.77,51.990002,46.443481,3316200.0,2018-04-16T00:00:00,BK
52.43,52.830002,52.139999,52.189999,46.622139,4630900.0,2018-04-17T00:00:00,BK
52.439999,53.009998,52.07,52.259998,46.684669,4211100.0,2018-04-18T00:00:00,BK
53.720001,55.25,53.5,55.240002,49.346756,7839100.0,2018-04-19T00:00:00,BK
55.419998,55.919998,54.48,55.419998,49.507549,7005200.0,2018-04-20T00:00:00,BK
55.34,56.330002,55.34,55.73,49.784477,6067500.0,2018-04-23T00:00:00,BK
56.049999,56.630001,54.970001,55.389999,49.480751,4794300.0,2018-04-24T00:00:00,BK
55.209999,55.830002,54.759998,55.400002,49.489681,5199500.0,2018-04-25T00:00:00,BK
55.400002,55.799999,55.009998,55.439999,49.525417,4369100.0,2018-04-26T00:00:00,BK
55.419998,55.650002,54.950001,55.32,49.418213,3040800.0,2018-04-27T00:00:00,BK
55.200001,55.540001,54.5,54.509998,48.906803,3629800.0,2018-04-30T00:00:00,BK
54.389999,54.509998,53.450001,54.189999,48.619701,4325700.0,2018-05-01T00:00:00,BK
54.0,54.450001,53.369999,53.990002,48.440262,4479500.0,2018-05-02T00:00:00,BK
53.610001,54.220001,52.66,53.849998,48.314648,4004300.0,2018-05-03T00:00:00,BK
53.34,54.849998,53.189999,54.490002,48.888863,2539100.0,2018-05-04T00:00:00,BK
54.59,55.66,54.41,55.59,49.87579,4555100.0,2018-05-07T00:00:00,BK
55.540001,56.43,55.5,56.080002,50.31543,5623600.0,2018-05-08T00:00:00,BK
56.189999,56.869999,55.950001,56.860001,51.015247,4749300.0,2018-05-09T00:00:00,BK
56.849998,57.32,56.639999,57.27,51.383099,4017400.0,2018-05-10T00:00:00,BK
57.240002,57.52,57.02,57.18,51.302357,3273100.0,2018-05-11T00:00:00,BK
57.419998,57.619999,57.080002,57.299999,51.410019,2755800.0,2018-05-14T00:00:00,BK
57.049999,57.349998,56.540001,56.889999,51.042164,4292700.0,2018-05-15T00:00:00,BK
56.799999,57.259998,56.599998,57.060001,51.194695,3119900.0,2018-05-16T00:00:00,BK
57.009998,57.740002,56.669998,57.279999,51.392075,3547200.0,2018-05-17T00:00:00,BK
57.139999,57.240002,56.799999,56.959999,51.104961,3819300.0,2018-05-18T00:00:00,BK
57.400002,57.82,57.169998,57.720001,51.786839,4005400.0,2018-05-21T00:00:00,BK
57.75,58.080002,57.560001,57.59,51.670204,3884300.0,2018-05-22T00:00:00,BK
57.119999,57.459999,56.529999,57.450001,51.544601,3249700.0,2018-05-23T00:00:00,BK
57.330002,57.630001,56.630001,57.240002,51.35619,4098700.0,2018-05-24T00:00:00,BK
56.970001,57.220001,56.610001,57.0,51.140858,3434600.0,2018-05-25T00:00:00,BK
56.27,56.490002,54.790001,55.189999,49.516907,8703100.0,2018-05-29T00:00:00,BK
55.82,56.18,54.950001,55.400002,49.705322,6970500.0,2018-05-30T00:00:00,BK
55.18,55.27,54.380001,54.75,49.122131,7143700.0,2018-05-31T00:00:00,BK
55.450001,56.0,55.209999,55.349998,49.660461,5086500.0,2018-06-01T00:00:00,BK
55.580002,55.880001,55.23,55.77,50.0373,4676400.0,2018-06-04T00:00:00,BK
55.43,55.93,55.169998,55.59,49.87579,5023300.0,2018-06-05T00:00:00,BK
55.799999,56.57,55.799999,56.57,50.755058,3792900.0,2018-06-06T00:00:00,BK
57.720001,58.220001,57.220001,57.650002,51.724045,7910000.0,2018-06-07T00:00:00,BK
57.43,57.880001,56.900002,57.560001,51.643291,3632700.0,2018-06-08T00:00:00,BK
57.639999,58.02,57.41,57.700001,51.768898,3233700.0,2018-06-11T00:00:00,BK
57.84,57.939999,57.310001,57.669998,51.741982,3280000.0,2018-06-12T00:00:00,BK
57.669998,57.939999,57.049999,57.32,51.427959,3446200.0,2018-06-13T00:00:00,BK
57.32,57.400002,56.560001,56.799999,50.961422,3432300.0,2018-06-14T00:00:00,BK
56.650002,57.09,56.09,56.93,51.078053,6615400.0,2018-06-15T00:00:00,BK
56.599998,57.259998,56.290001,57.240002,51.35619,4203300.0,2018-06-18T00:00:00,BK
56.599998,57.490002,56.509998,57.34,51.445904,4686800.0,2018-06-19T00:00:00,BK
57.700001,57.869999,57.369999,57.369999,51.472816,3766900.0,2018-06-20T00:00:00,BK
57.209999,57.540001,56.580002,57.150002,51.27544,4259100.0,2018-06-21T00:00:00,BK
57.560001,57.720001,56.689999,56.75,50.916542,5072600.0,2018-06-22T00:00:00,BK
56.66,56.740002,55.200001,55.669998,49.947567,4566300.0,2018-06-25T00:00:00,BK
55.540001,55.599998,54.830002,55.18,49.507938,3655600.0,2018-06-26T00:00:00,BK
55.189999,55.57,54.139999,54.200001,48.62867,4321000.0,2018-06-27T00:00:00,BK
54.369999,54.580002,53.689999,54.299999,48.718395,4020400.0,2018-06-28T00:00:00,BK
54.860001,55.130001,53.900002,53.93,48.386425,7719500.0,2018-06-29T00:00:00,BK
53.470001,54.09,53.279999,54.09,48.529984,4303100.0,2018-07-02T00:00:00,BK
54.32,54.639999,53.060001,53.189999,47.7225,2600900.0,2018-07-03T00:00:00,BK
53.549999,53.700001,53.049999,53.200001,47.731472,2976600.0,2018-07-05T00:00:00,BK
53.029999,53.549999,52.849998,53.200001,47.731472,3292900.0,2018-07-06T00:00:00,BK
53.48,54.16,53.48,54.110001,48.547928,2849600.0,2018-07-09T00:00:00,BK
54.209999,54.400002,53.82,54.029999,48.476147,3207600.0,2018-07-10T00:00:00,BK
53.689999,53.889999,53.25,53.389999,47.901928,4105700.0,2018-07-11T00:00:00,BK
53.5,53.68,52.970001,53.5,48.000629,3347900.0,2018-07-12T00:00:00,BK
53.34,53.639999,52.740002,53.029999,47.578938,4102100.0,2018-07-13T00:00:00,BK
53.119999,53.779999,52.950001,53.700001,48.180069,4282200.0,2018-07-16T00:00:00,BK
53.470001,54.16,53.470001,54.049999,48.494095,4703500.0,2018-07-17T00:00:00,BK
54.240002,55.700001,54.240002,55.639999,49.920654,7600500.0,2018-07-18T00:00:00,BK
54.349998,54.5,52.099998,52.73,47.309776,17437200.0,2018-07-19T00:00:00,BK
52.709999,53.040001,52.389999,52.459999,47.067528,14046700.0,2018-07-20T00:00:00,BK
52.459999,53.360001,52.32,53.25,47.776333,8353500.0,2018-07-23T00:00:00,BK
53.509998,54.470001,53.43,54.189999,48.619701,5026100.0,2018-07-24T00:00:00,BK
54.25,54.25,53.279999,53.299999,47.821182,10071800.0,2018-07-25T00:00:00,BK
53.299999,53.799999,53.259998,53.400002,47.910912,6657900.0,2018-07-26T00:00:00,BK
53.459999,53.810001,53.310001,53.41,47.91988,3651300.0,2018-07-27T00:00:00,BK
53.209999,53.779999,53.18,53.459999,48.217514,4271600.0,2018-07-30T00:00:00,BK
53.799999,53.810001,53.209999,53.470001,48.22654,3918600.0,2018-07-31T00:00:00,BK
53.599998,54.150002,52.950001,53.279999,48.055164,6482000.0,2018-08-01T00:00:00,BK
52.939999,53.009998,52.32,52.630001,47.468922,5394400.0,2018-08-02T00:00:00,BK
52.650002,52.91,52.470001,52.77,47.595181,4734400.0,2018-08-03T00:00:00,BK
52.779999,53.400002,52.650002,53.029999,47.829681,4136700.0,2018-08-06T00:00:00,BK
53.150002,53.549999,52.93,52.939999,47.748508,4959500.0,2018-08-07T00:00:00,BK
53.040001,53.310001,52.880001,53.139999,47.928894,3355700.0,2018-08-08T00:00:00,BK
53.09,53.18,52.27,52.290001,47.162251,4795000.0,2018-08-09T00:00:00,BK
51.630001,51.669998,50.560001,51.02,46.016796,13595000.0,2018-08-10T00:00:00,BK
51.099998,51.099998,50.119999,50.139999,45.223091,8964100.0,2018-08-13T00:00:00,BK
50.310001,51.139999,50.310001,50.970001,45.971703,5081700.0,2018-08-14T00:00:00,BK
50.580002,51.18,50.57,50.959999,45.962677,4795900.0,2018-08-15T00:00:00,BK
51.119999,51.759998,51.110001,51.52,46.467762,4840700.0,2018-08-16T00:00:00,BK
51.400002,51.740002,51.290001,51.689999,46.621086,3977700.0,2018-08-17T00:00:00,BK
51.75,51.98,51.740002,51.939999,46.846577,3656600.0,2018-08-20T00:00:00,BK
51.740002,52.810001,51.639999,52.540001,47.387737,4252300.0,2018-08-21T00:00:00,BK
52.439999,52.740002,52.18,52.5,47.351654,3011200.0,2018-08-22T00:00:00,BK
52.43,52.459999,52.169998,52.330002,47.19833,3448700.0,2018-08-23T00:00:00,BK
52.540001,52.720001,52.389999,52.560001,47.405781,2841100.0,2018-08-24T00:00:00,BK
52.84,53.439999,52.759998,52.98,47.78458,3816600.0,2018-08-27T00:00:00,BK
53.049999,53.130001,52.82,52.889999,47.703415,3620400.0,2018-08-28T00:00:00,BK
52.900002,52.91,52.299999,52.5,47.351654,4127600.0,2018-08-29T00:00:00,BK
52.360001,52.52,52.119999,52.23,47.108135,4356200.0,2018-08-30T00:00:00,BK
52.029999,52.18,51.700001,52.150002,47.03598,3974300.0,2018-08-31T00:00:00,BK
52.16,52.689999,51.900002,52.400002,47.261467,3920200.0,2018-09-04T00:00:00,BK
52.41,52.880001,52.139999,52.25,47.126171,4221200.0,2018-09-05T00:00:00,BK
52.220001,52.349998,51.84,52.189999,47.072063,3800000.0,2018-09-06T00:00:00,BK
52.32,52.459999,51.860001,52.18,47.063042,3395500.0,2018-09-07T00:00:00,BK
52.23,52.450001,51.939999,52.029999,46.92775,3825500.0,2018-09-10T00:00:00,BK
51.880001,52.490002,51.689999,52.240002,47.117165,3657900.0,2018-09-11T00:00:00,BK
52.200001,52.290001,51.900002,52.009998,46.90971,3956400.0,2018-09-12T00:00:00,BK
52.040001,52.09,50.98,51.220001,46.197182,6816600.0,2018-09-13T00:00:00,BK
51.400002,51.75,51.369999,51.650002,46.585007,3766900.0,2018-09-14T00:00:00,BK
51.68,51.689999,50.970001,51.220001,46.197182,4799300.0,2018-09-17T00:00:00,BK
51.400002,51.57,51.110001,51.450001,46.404636,3477500.0,2018-09-18T00:00:00,BK
51.529999,52.860001,51.470001,52.43,47.288517,4973000.0,2018-09-19T00:00:00,BK
52.759998,53.380001,52.689999,53.330002,48.100266,4553900.0,2018-09-20T00:00:00,BK
53.380001,53.509998,53.029999,53.389999,48.154373,21768700.0,2018-09-21T00:00:00,BK
53.360001,53.360001,52.220001,52.369999,47.234409,3501100.0,2018-09-24T00:00:00,BK
52.490002,52.650002,52.209999,52.310001,47.18029,5039000.0,2018-09-25T00:00:00,BK
52.5,52.639999,51.790001,51.919998,46.828529,5107700.0,2018-09-26T00:00:00,BK
51.939999,52.07,51.32,51.540001,46.485798,4068200.0,2018-09-27T00:00:00,BK
51.18,51.52,50.900002,50.990002,45.989735,5310600.0,2018-09-28T00:00:00,BK
51.150002,51.93,50.93,51.900002,46.810497,4634700.0,2018-10-01T00:00:00,BK
51.799999,52.060001,51.240002,51.75,46.675209,3245500.0,2018-10-02T00:00:00,BK
52.07,52.52,51.900002,52.18,47.063042,3707000.0,2018-10-03T00:00:00,BK
52.259998,52.919998,52.09,52.68,47.514011,4825100.0,2018-10-04T00:00:00,BK
52.830002,53.139999,52.419998,52.59,47.432835,4316800.0,2018-10-05T00:00:00,BK
52.41,52.849998,52.299999,52.779999,47.604202,3902200.0,2018-10-08T00:00:00,BK
52.450001,52.52,51.970001,52.23,47.108135,3696000.0,2018-10-09T00:00:00,BK
52.380001,52.48,50.700001,50.720001,45.746212,6211600.0,2018-10-10T00:00:00,BK
50.419998,50.93,49.130001,49.189999,44.366249,8144600.0,2018-10-11T00:00:00,BK
50.509998,50.509998,48.25,49.099998,44.285072,6134500.0,2018-10-12T00:00:00,BK
48.959999,49.150002,48.450001,48.450001,43.698807,6474500.0,2018-10-15T00:00:00,BK
48.740002,49.360001,48.330002,49.349998,44.510555,4623500.0,2018-10-16T00:00:00,BK
48.580002,49.450001,48.119999,49.150002,44.330173,7693400.0,2018-10-17T00:00:00,BK
47.560001,48.310001,47.049999,47.790001,43.103539,8072000.0,2018-10-18T00:00:00,BK
47.09,47.619999,46.369999,47.400002,42.751789,9462200.0,2018-10-19T00:00:00,BK
47.439999,47.650002,46.459999,46.470001,41.912987,7268300.0,2018-10-22T00:00:00,BK
45.560001,46.59,45.16,46.279999,41.741611,9870000.0,2018-10-23T00:00:00,BK
46.240002,46.380001,45.200001,45.330002,40.884773,7339600.0,2018-10-24T00:00:00,BK
45.759998,46.68,45.59,46.150002,41.624367,6699800.0,2018-10-25T00:00:00,BK
45.709999,46.029999,45.310001,45.470001,41.011044,9232000.0,2018-10-26T00:00:00,BK
45.82,46.360001,45.169998,45.77,41.537415,6216400.0,2018-10-29T00:00:00,BK
46.099998,46.98,45.93,46.919998,42.581066,7078800.0,2018-10-30T00:00:00,BK
47.220001,47.880001,47.110001,47.330002,42.953148,6204800.0,2018-10-31T00:00:00,BK
47.610001,47.82,47.220001,47.52,43.125584,4020200.0,2018-11-01T00:00:00,BK
48.0,48.290001,46.889999,47.209999,42.844246,6151200.0,2018-11-02T00:00:00,BK
47.369999,48.110001,47.369999,47.970001,43.533966,4750400.0,2018-11-05T00:00:00,BK
47.959999,48.360001,47.68,48.32,43.851597,3623500.0,2018-11-06T00:00:00,BK
48.5,48.869999,47.75,48.77,44.259987,4741700.0,2018-11-07T00:00:00,BK
48.529999,49.240002,48.439999,49.029999,44.495945,5826300.0,2018-11-08T00:00:00,BK
48.82,48.900002,48.209999,48.5,44.014954,4474900.0,2018-11-09T00:00:00,BK
48.330002,48.490002,47.880001,47.98,43.543037,4897900.0,2018-11-12T00:00:00,BK
48.169998,48.740002,48.049999,48.200001,43.742702,4870100.0,2018-11-13T00:00:00,BK
48.540001,49.02,47.610001,48.23,43.769917,6616500.0,2018-11-14T00:00:00,BK
47.75,49.240002,47.459999,49.220001,44.668369,7128200.0,2018-11-15T00:00:00,BK
49.0,49.610001,48.900002,49.389999,44.822647,4548400.0,2018-11-16T00:00:00,BK
49.34,50.330002,49.189999,50.119999,45.485146,6314300.0,2018-11-19T00:00:00,BK
49.779999,49.889999,48.970001,49.380001,44.813583,7326000.0,2018-11-20T00:00:00,BK
49.619999,50.470001,49.450001,49.959999,45.339943,5181500.0,2018-11-21T00:00:00,BK
49.599998,50.240002,49.32,49.860001,45.249195,2122400.0,2018-11-23T00:00:00,BK
50.439999,51.41,50.380001,50.93,46.220245,5730700.0,2018-11-26T00:00:00,BK
50.66,51.380001,50.549999,51.369999,46.619549,3642600.0,2018-11-27T00:00:00,BK
51.540001,51.669998,50.34,51.610001,46.83736,7006600.0,2018-11-28T00:00:00,BK
50.939999,51.439999,50.549999,50.68,45.993355,4997000.0,2018-11-29T00:00:00,BK
50.599998,51.389999,50.599998,51.310001,46.565109,5407300.0,2018-11-30T00:00:00,BK
51.799999,51.98,50.34,50.639999,45.957054,6330500.0,2018-12-03T00:00:00,BK
50.529999,50.790001,48.419998,48.700001,44.196461,8856100.0,2018-12-04T00:00:00,BK
47.799999,48.0,46.669998,47.84,43.415985,11591900.0,2018-12-06T00:00:00,BK
47.799999,48.580002,47.389999,47.709999,43.298012,6514500.0,2018-12-07T00:00:00,BK
47.450001,47.700001,46.580002,47.560001,43.161888,6243900.0,2018-12-10T00:00:00,BK
48.389999,49.0,47.59,47.669998,43.261703,9315100.0,2018-12-11T00:00:00,BK
48.200001,48.950001,47.630001,48.060001,43.61565,7603400.0,2018-12-12T00:00:00,BK
48.130001,48.689999,47.720001,48.09,43.64286,7156700.0,2018-12-13T00:00:00,BK
47.59,49.0,47.580002,48.669998,44.169235,9624200.0,2018-12-14T00:00:00,BK
48.389999,49.889999,48.139999,48.98,44.450565,9805800.0,2018-12-17T00:00:00,BK
49.200001,49.450001,46.689999,46.73,42.408642,13306100.0,2018-12-18T00:00:00,BK
46.639999,47.209999,45.27,45.5,41.292381,13329100.0,2018-12-19T00:00:00,BK
45.119999,46.41,44.970001,45.009998,40.847687,13057800.0,2018-12-20T00:00:00,BK
44.580002,45.889999,44.119999,44.639999,40.511906,17265100.0,2018-12-21T00:00:00,BK
44.259998,45.52,44.220001,44.490002,40.37579,7228500.0,2018-12-24T00:00:00,BK
44.650002,46.16,43.669998,46.16,41.891346,7465900.0,2018-12-26T00:00:00,BK
45.41,46.82,45.41,46.82,42.490311,7873900.0,2018-12-27T00:00:00,BK
47.099998,47.259998,46.349998,46.650002,42.336033,4688300.0,2018-12-28T00:00:00,BK
46.889999,47.549999,46.639999,47.07,42.717197,3901000.0,2018-12-31T00:00:00,BK
46.549999,47.549999,46.41,47.5,43.10743,4229500.0,2019-01-02T00:00:00,BK
47.34,47.380001,46.490002,46.560001,42.25436,4415700.0,2019-01-03T00:00:00,BK
47.380001,47.970001,46.91,47.91,43.479515,4881500.0,2019-01-04T00:00:00,BK
47.650002,48.330002,47.259998,47.799999,43.379684,4223100.0,2019-01-07T00:00:00,BK
48.080002,48.209999,47.02,47.619999,43.216339,4594500.0,2019-01-08T00:00:00,BK
47.700001,47.98,47.389999,47.759998,43.343388,5270800.0,2019-01-09T00:00:00,BK
47.5,47.919998,47.220001,47.470001,43.080208,4435400.0,2019-01-10T00:00:00,BK
47.110001,48.290001,46.860001,48.080002,43.633801,3728400.0,2019-01-11T00:00:00,BK
47.639999,48.889999,47.630001,48.419998,43.942352,4715900.0,2019-01-14T00:00:00,BK
48.240002,49.490002,48.139999,49.41,44.840805,6215800.0,2019-01-15T00:00:00,BK
50.09,50.740002,48.759998,50.43,45.766472,7647700.0,2019-01-16T00:00:00,BK
49.939999,51.580002,49.790001,51.529999,46.764748,7595500.0,2019-01-17T00:00:00,BK
51.799999,53.040001,51.490002,52.66,47.79026,8977100.0,2019-01-18T00:00:00,BK
52.27,53.0,52.209999,52.59,47.72673,6585700.0,2019-01-22T00:00:00,BK
53.110001,53.18,52.169998,53.060001,48.153278,6233200.0,2019-01-23T00:00:00,BK
52.860001,53.759998,52.77,53.709999,48.743156,6002500.0,2019-01-24T00:00:00,BK
53.779999,53.889999,53.380001,53.400002,48.715794,8178600.0,2019-01-25T00:00:00,BK
53.02,53.470001,52.84,53.439999,48.752285,5413400.0,2019-01-28T00:00:00,BK
53.349998,53.700001,52.540001,52.610001,47.99509,4070300.0,2019-01-29T00:00:00,BK
52.529999,53.220001,51.959999,52.529999,47.922104,4982300.0,2019-01-30T00:00:00,BK
52.23,52.380001,51.75,52.32,47.730534,4248800.0,2019-01-31T00:00:00,BK
52.349998,52.73,52.23,52.619999,48.004215,4559100.0,2019-02-01T00:00:00,BK
52.700001,52.700001,52.25,52.380001,47.785267,4274100.0,2019-02-04T00:00:00,BK
52.5,52.75,52.220001,52.619999,48.004215,3436900.0,2019-02-05T00:00:00,BK
52.419998,52.68,52.099998,52.32,47.730534,3441600.0,2019-02-06T00:00:00,BK
52.299999,52.599998,51.66,52.110001,47.538948,3872700.0,2019-02-07T00:00:00,BK
51.779999,52.040001,51.189999,51.830002,47.283508,3875500.0,2019-02-08T00:00:00,BK
52.0,52.110001,51.709999,52.009998,47.447716,3357100.0,2019-02-11T00:00:00,BK
52.529999,53.07,52.52,52.84,48.204914,4413600.0,2019-02-12T00:00:00,BK
52.959999,53.110001,52.41,52.43,47.830879,4137200.0,2019-02-13T00:00:00,BK
52.130001,52.130001,50.990002,51.77,47.228775,3380300.0,2019-02-14T00:00:00,BK
52.119999,52.990002,52.080002,52.990002,48.341759,4363500.0,2019-02-15T00:00:00,BK
52.669998,53.16,52.360001,52.990002,48.341759,3764800.0,2019-02-19T00:00:00,BK
53.0,53.380001,52.599998,53.32,48.642811,4553400.0,2019-02-20T00:00:00,BK
53.169998,53.349998,52.810001,52.950001,48.305275,2842300.0,2019-02-21T00:00:00,BK
53.150002,53.330002,52.830002,53.220001,48.551582,2950400.0,2019-02-22T00:00:00,BK
53.360001,53.66,52.900002,52.93,48.287025,4423700.0,2019-02-25T00:00:00,BK
52.869999,53.389999,52.66,53.040001,48.387371,3504500.0,2019-02-26T00:00:00,BK
53.040001,53.110001,52.68,52.75,48.122814,3512900.0,2019-02-27T00:00:00,BK
52.799999,53.0,52.360001,52.48,47.876488,4571900.0,2019-02-28T00:00:00,BK
52.810001,53.299999,52.400002,52.689999,48.068073,4238000.0,2019-03-01T00:00:00,BK
52.84,53.41,51.599998,51.91,47.356495,3883300.0,2019-03-04T00:00:00,BK
51.82,52.830002,51.59,52.650002,48.031586,4956900.0,2019-03-05T00:00:00,BK
52.650002,52.790001,52.060001,52.060001,47.49334,3774000.0,2019-03-06T00:00:00,BK
51.830002,51.849998,51.110001,51.23,46.736137,4315600.0,2019-03-07T00:00:00,BK
50.830002,51.52,50.650002,51.48,46.964211,3135800.0,2019-03-08T00:00:00,BK
51.759998,52.0,51.490002,51.830002,47.283508,3509700.0,2019-03-11T00:00:00,BK
52.0,52.150002,51.849998,51.91,47.356495,3980200.0,2019-03-12T00:00:00,BK
52.18,52.610001,51.84,52.439999,47.84,4131600.0,2019-03-13T00:00:00,BK
52.34,52.889999,52.259998,52.759998,48.131924,3949300.0,2019-03-14T00:00:00,BK
52.549999,53.209999,52.439999,53.119999,48.460354,9613000.0,2019-03-15T00:00:00,BK
53.48,54.169998,53.290001,53.98,49.244915,3345600.0,2019-03-18T00:00:00,BK
54.18,54.27,53.09,53.119999,48.460354,4103100.0,2019-03-19T00:00:00,BK
52.98,53.0,51.91,51.98,47.420353,4059200.0,2019-03-20T00:00:00,BK
51.599998,52.049999,51.009998,51.889999,47.338257,4643100.0,2019-03-21T00:00:00,BK
51.48,51.580002,49.869999,50.5,46.070179,5566900.0,2019-03-22T00:00:00,BK
50.490002,51.02,50.02,50.279999,45.869469,2751600.0,2019-03-25T00:00:00,BK
50.66,50.990002,50.259998,50.84,46.380348,3642900.0,2019-03-26T00:00:00,BK
50.759998,50.869999,49.889999,50.099998,45.705261,7443100.0,2019-03-27T00:00:00,BK
50.27,50.599998,50.040001,50.389999,45.96983,3814100.0,2019-03-28T00:00:00,BK
50.720001,50.950001,50.32,50.43,46.006321,4933000.0,2019-03-29T00:00:00,BK
50.799999,51.540001,50.779999,51.459999,46.945969,3496300.0,2019-04-01T00:00:00,BK
51.540001,51.93,51.32,51.349998,46.845615,3301000.0,2019-04-02T00:00:00,BK
51.790001,52.110001,51.119999,51.240002,46.745274,4972000.0,2019-04-03T00:00:00,BK
51.41,51.689999,51.169998,51.450001,46.936848,5998300.0,2019-04-04T00:00:00,BK
51.57,51.759998,51.02,51.18,46.690529,4263700.0,2019-04-05T00:00:00,BK
50.880001,51.330002,50.880001,51.25,46.754379,6959000.0,2019-04-08T00:00:00,BK
51.060001,51.310001,50.57,50.990002,46.517197,3827600.0,2019-04-09T00:00:00,BK
50.990002,51.330002,50.68,51.290001,46.790878,2743100.0,2019-04-10T00:00:00,BK
51.540001,52.0,51.32,51.689999,47.155796,3857600.0,2019-04-11T00:00:00,BK
52.5,52.93,52.290001,52.810001,48.177555,4663100.0,2019-04-12T00:00:00,BK
52.799999,53.139999,52.419998,52.599998,47.985973,4596200.0,2019-04-15T00:00:00,BK
52.740002,53.610001,52.740002,53.439999,48.752285,5443800.0,2019-04-16T00:00:00,BK
49.700001,50.0,48.080002,48.349998,44.108768,13434500.0,2019-04-17T00:00:00,BK
48.369999,48.709999,47.889999,48.41,44.163513,8317200.0,2019-04-18T00:00:00,BK
48.25,48.580002,47.889999,48.189999,43.962811,7990100.0,2019-04-22T00:00:00,BK
48.07,48.77,47.369999,48.470001,44.21825,8468400.0,2019-04-23T00:00:00,BK
48.220001,48.459999,47.77,48.150002,43.926323,7659200.0,2019-04-24T00:00:00,BK
48.02,48.959999,47.75,48.549999,44.291225,6818800.0,2019-04-25T00:00:00,BK
48.189999,48.459999,47.509998,48.43,44.438042,5431500.0,2019-04-26T00:00:00,BK
48.299999,49.939999,48.27,49.380001,45.309742,5983800.0,2019-04-29T00:00:00,BK
49.490002,49.779999,48.98,49.66,45.566647,6349500.0,2019-04-30T00:00:00,BK
49.700001,50.27,49.349998,49.43,45.355614,6204600.0,2019-05-01T00:00:00,BK
49.549999,50.41,49.330002,49.830002,45.722645,5597900.0,2019-05-02T00:00:00,BK
49.93,50.279999,49.799999,49.970001,45.851105,4360600.0,2019-05-03T00:00:00,BK
49.07,49.509998,48.540001,49.330002,45.263851,3165700.0,2019-05-06T00:00:00,BK
48.740002,48.93,47.84,48.139999,44.171944,4235900.0,2019-05-07T00:00:00,BK
47.990002,48.580002,47.84,48.049999,44.089367,3959300.0,2019-05-08T00:00:00,BK
47.529999,47.869999,47.189999,47.779999,43.841618,3113600.0,2019-05-09T00:00:00,BK
47.669998,48.240002,47.18,48.099998,44.135242,3987700.0,2019-05-10T00:00:00,BK
47.290001,47.810001,46.93,47.150002,43.26355,4658000.0,2019-05-13T00:00:00,BK
47.150002,47.360001,46.73,47.009998,43.135082,3942900.0,2019-05-14T00:00:00,BK
46.549999,46.759998,46.130001,46.509998,42.676304,3306700.0,2019-05-15T00:00:00,BK
46.57,46.959999,46.459999,46.540001,42.703831,3173300.0,2019-05-16T00:00:00,BK
46.110001,46.779999,46.02,46.080002,42.281746,3497400.0,2019-05-17T00:00:00,BK
46.09,46.310001,45.77,45.970001,42.180809,3067600.0,2019-05-20T00:00:00,BK
46.139999,46.400002,46.099998,46.209999,42.401028,3595600.0,2019-05-21T00:00:00,BK
46.080002,46.209999,45.880001,46.16,42.355164,3232100.0,2019-05-22T00:00:00,BK
45.880001,45.93,45.0,45.240002,41.510986,6228500.0,2019-05-23T00:00:00,BK
45.380001,45.380001,44.98,45.16,41.437584,4366200.0,2019-05-24T00:00:00,BK
45.040001,45.139999,44.330002,44.330002,40.675995,8718900.0,2019-05-28T00:00:00,BK
43.849998,44.150002,43.299999,44.060001,40.428253,6047200.0,2019-05-29T00:00:00,BK
44.029999,44.139999,42.91,43.25,39.685013,5268500.0,2019-05-30T00:00:00,BK
42.580002,43.049999,42.43,42.689999,39.171173,6760000.0,2019-05-31T00:00:00,BK
42.689999,43.259998,42.5,43.049999,39.501503,6694500.0,2019-06-03T00:00:00,BK
43.650002,44.330002,43.43,44.290001,40.639294,4339700.0,2019-06-04T00:00:00,BK
44.200001,44.369999,43.43,43.610001,40.015347,3570700.0,2019-06-05T00:00:00,BK
43.580002,43.98,43.16,43.82,40.208035,3587400.0,2019-06-06T00:00:00,BK
43.779999,44.73,43.75,44.400002,40.740227,4644700.0,2019-06-07T00:00:00,BK
44.849998,45.34,44.540001,44.900002,41.199005,4970300.0,2019-06-10T00:00:00,BK
45.139999,45.34,44.150002,44.5,40.831982,5493900.0,2019-06-11T00:00:00,BK
44.5,44.669998,43.990002,44.099998,40.464947,4257400.0,2019-06-12T00:00:00,BK
44.25,44.740002,44.110001,44.529999,40.859512,2573100.0,2019-06-13T00:00:00,BK
44.549999,44.700001,44.040001,44.490002,40.822811,2842200.0,2019-06-14T00:00:00,BK
44.509998,44.560001,43.900002,43.950001,40.327316,2516600.0,2019-06-17T00:00:00,BK
43.560001,44.209999,43.18,43.240002,39.675842,10901900.0,2019-06-18T00:00:00,BK
43.5,43.5,42.43,42.689999,39.171173,14111600.0,2019-06-19T00:00:00,BK
42.68,43.189999,42.130001,43.119999,39.565731,11226500.0,2019-06-20T00:00:00,BK
43.310001,44.060001,43.099998,43.41,39.831829,8578600.0,2019-06-21T00:00:00,BK
43.32,44.02,42.970001,43.080002,39.529034,4117500.0,2019-06-24T00:00:00,BK
43.080002,43.529999,42.66,43.43,39.850182,5941300.0,2019-06-25T00:00:00,BK
43.48,43.580002,42.900002,43.119999,39.565731,5682600.0,2019-06-26T00:00:00,BK
43.259998,43.779999,43.150002,43.389999,39.813473,3025000.0,2019-06-27T00:00:00,BK
44.0,44.560001,43.77,44.150002,40.51083,7683500.0,2019-06-28T00:00:00,BK
44.919998,44.970001,44.220001,44.470001,40.804455,4124000.0,2019-07-01T00:00:00,BK
44.470001,44.740002,44.060001,44.23,40.584232,5205800.0,2019-07-02T00:00:00,BK
44.310001,44.66,43.959999,44.639999,40.960438,2714100.0,2019-07-03T00:00:00,BK
44.860001,45.119999,44.16,44.529999,40.859512,3527900.0,2019-07-05T00:00:00,BK
43.849998,44.009998,42.82,43.029999,39.48315,6209500.0,2019-07-08T00:00:00,BK
42.630001,43.419998,42.459999,43.400002,39.822651,4179800.0,2019-07-09T00:00:00,BK
43.459999,43.490002,42.919998,43.040001,39.492321,3804400.0,2019-07-10T00:00:00,BK
43.16,43.740002,43.02,43.650002,40.052044,3951800.0,2019-07-11T00:00:00,BK
43.779999,43.880001,43.150002,43.560001,39.96946,3290200.0,2019-07-12T00:00:00,BK
43.599998,43.599998,42.970001,43.150002,39.593262,4958700.0,2019-07-15T00:00:00,BK
43.34,43.639999,43.049999,43.110001,39.556561,4872600.0,2019-07-16T00:00:00,BK
43.369999,44.709999,43.369999,44.119999,40.483303,6527000.0,2019-07-17T00:00:00,BK
44.279999,44.98,44.110001,44.860001,41.162312,5705600.0,2019-07-18T00:00:00,BK
45.060001,45.77,44.970001,45.27,41.538506,7744200.0,2019-07-19T00:00:00,BK
45.189999,46.0,45.040001,45.82,42.043171,4900400.0,2019-07-22T00:00:00,BK
46.23,46.950001,46.040001,46.720001,42.868988,6243100.0,2019-07-23T00:00:00,BK
46.560001,47.310001,46.41,47.099998,43.21767,5310800.0,2019-07-24T00:00:00,BK
47.299999,47.43,46.68,47.290001,43.39201,5004900.0,2019-07-25T00:00:00,BK
47.25,47.66,46.610001,47.599998,43.964661,4789700.0,2019-07-26T00:00:00,BK
47.439999,47.57,46.810001,46.82,43.244228,4524000.0,2019-07-29T00:00:00,BK
46.389999,47.16,46.279999,47.040001,43.447426,4222100.0,2019-07-30T00:00:00,BK
46.91,47.360001,46.66,46.919998,43.33659,6635700.0,2019-07-31T00:00:00,BK
46.380001,47.5,45.82,45.970001,42.459148,6863700.0,2019-08-01T00:00:00,BK
45.970001,46.279999,44.299999,46.029999,42.514557,4764700.0,2019-08-02T00:00:00,BK
45.240002,45.619999,44.560001,45.060001,41.618645,5557800.0,2019-08-05T00:00:00,BK
45.189999,45.459999,44.560001,45.450001,41.978863,5007700.0,2019-08-06T00:00:00,BK
44.5,45.0,43.630001,44.73,41.313843,6223600.0,2019-08-07T00:00:00,BK
45.0,45.970001,44.939999,45.57,42.089691,5054800.0,2019-08-08T00:00:00,BK
45.439999,46.110001,45.209999,45.810001,42.311375,5077300.0,2019-08-09T00:00:00,BK
45.259998,45.509998,44.32,44.380001,40.990574,4268900.0,2019-08-12T00:00:00,BK
44.27,44.66,43.57,43.669998,40.334801,6093100.0,2019-08-13T00:00:00,BK
42.75,43.060001,41.919998,41.959999,38.755405,4952500.0,2019-08-14T00:00:00,BK
42.02,42.349998,41.419998,41.669998,38.487549,3583700.0,2019-08-15T00:00:00,BK
41.950001,42.5,41.919998,42.330002,39.097141,2938200.0,2019-08-16T00:00:00,BK
43.029999,43.07,42.709999,42.720001,39.457363,2843700.0,2019-08-19T00:00:00,BK
42.52,42.59,41.91,41.959999,38.755405,2441700.0,2019-08-20T00:00:00,BK
42.130001,42.369999,41.82,41.939999,38.736931,3295600.0,2019-08-21T00:00:00,BK
42.23,42.470001,41.82,42.169998,38.949368,3712700.0,2019-08-22T00:00:00,BK
41.900002,42.240002,40.77,41.02,37.887192,3737300.0,2019-08-23T00:00:00,BK
41.330002,41.450001,40.84,41.110001,37.970318,4231900.0,2019-08-26T00:00:00,BK
41.34,41.529999,40.900002,40.950001,37.822536,3878300.0,2019-08-27T00:00:00,BK
40.790001,41.189999,40.52,41.049999,37.914898,4186600.0,2019-08-28T00:00:00,BK
41.470001,42.060001,41.400002,41.720001,38.533726,3051500.0,2019-08-29T00:00:00,BK
42.02,42.25,41.830002,42.060001,38.847763,3051000.0,2019-08-30T00:00:00,BK
41.689999,41.84,41.009998,41.529999,38.358242,3613200.0,2019-09-03T00:00:00,BK
41.959999,42.040001,41.490002,41.919998,38.71846,2671600.0,2019-09-04T00:00:00,BK
42.549999,43.349998,42.32,42.82,39.549721,4544400.0,2019-09-05T00:00:00,BK
42.939999,43.099998,42.599998,43.029999,39.743675,3388900.0,2019-09-06T00:00:00,BK
43.310001,45.799999,43.169998,45.48,42.006565,7858900.0,2019-09-09T00:00:00,BK
45.77,46.25,45.290001,45.779999,42.283653,5969900.0,2019-09-10T00:00:00,BK
45.959999,46.360001,45.299999,46.34,42.800888,3986700.0,2019-09-11T00:00:00,BK
46.130001,46.560001,45.720001,46.310001,42.773186,3106600.0,2019-09-12T00:00:00,BK
46.880001,47.169998,46.580002,46.900002,43.318127,3209600.0,2019-09-13T00:00:00,BK
46.380001,47.0,46.139999,46.75,43.179577,2811500.0,2019-09-16T00:00:00,BK
45.43,46.369999,45.360001,46.349998,42.810123,4949200.0,2019-09-17T00:00:00,BK
46.369999,47.240002,45.93,47.0,43.410488,4656500.0,2019-09-18T00:00:00,BK
46.950001,47.450001,46.650002,46.98,43.39201,3252500.0,2019-09-19T00:00:00,BK
46.98,47.200001,46.23,46.380001,42.837833,8319400.0,2019-09-20T00:00:00,BK
46.080002,46.84,46.029999,46.77,43.198051,2351400.0,2019-09-23T00:00:00,BK
46.599998,46.889999,46.0,46.25,42.717758,2777400.0,2019-09-24T00:00:00,BK
46.369999,46.990002,46.279999,46.889999,43.308887,2776500.0,2019-09-25T00:00:00,BK
46.82,46.91,46.380001,46.630001,43.068745,2603000.0,2019-09-26T00:00:00,BK
45.98,46.139999,44.080002,44.529999,41.129128,13736500.0,2019-09-27T00:00:00,BK
44.880001,45.48,44.779999,45.209999,41.757187,5694300.0,2019-09-30T00:00:00,BK
45.209999,45.279999,43.59,43.73,40.390217,4879400.0,2019-10-01T00:00:00,BK
43.400002,43.5,42.43,42.490002,39.244926,7540900.0,2019-10-02T00:00:00,BK
42.540001,42.790001,42.02,42.43,39.189507,9524100.0,2019-10-03T00:00:00,BK
42.59,42.77,42.139999,42.630001,39.374233,14413900.0,2019-10-04T00:00:00,BK
42.599998,42.610001,42.169998,42.240002,39.014027,7864700.0,2019-10-07T00:00:00,BK
41.919998,42.700001,41.66,42.330002,39.097141,8075300.0,2019-10-08T00:00:00,BK
42.68,42.990002,42.310001,42.830002,39.558956,3707700.0,2019-10-09T00:00:00,BK
42.93,43.790001,42.799999,43.5,40.177792,4175800.0,2019-10-10T00:00:00,BK
44.389999,44.689999,44.060001,44.119999,40.750435,5300900.0,2019-10-11T00:00:00,BK
43.919998,44.130001,43.41,43.91,40.556469,4986500.0,2019-10-14T00:00:00,BK
44.07,44.470001,43.560001,44.360001,40.972107,10975800.0,2019-10-15T00:00:00,BK
45.0,45.669998,44.419998,44.439999,41.04599,7760500.0,2019-10-16T00:00:00,BK
44.990002,45.200001,44.330002,44.380001,40.990574,4233500.0,2019-10-17T00:00:00,BK
44.32,45.91,44.25,45.34,41.877254,7161700.0,2019-10-18T00:00:00,BK
45.529999,45.970001,45.470001,45.669998,42.182064,6914900.0,2019-10-21T00:00:00,BK
45.619999,46.720001,45.330002,46.139999,42.616158,5812200.0,2019-10-22T00:00:00,BK
46.040001,46.950001,46.040001,46.73,43.161102,6525300.0,2019-10-23T00:00:00,BK
46.68,46.849998,45.959999,46.279999,42.745468,5648700.0,2019-10-24T00:00:00,BK
45.919998,46.75,45.860001,46.380001,43.126713,5697000.0,2019-10-25T00:00:00,BK
46.75,47.02,46.619999,46.889999,43.600937,5010900.0,2019-10-28T00:00:00,BK
46.66,47.18,46.610001,46.630001,43.35918,8328300.0,2019-10-29T00:00:00,BK
46.57,46.849998,46.32,46.619999,43.34988,5709200.0,2019-10-30T00:00:00,BK
46.439999,46.75,46.18,46.75,43.470757,8581600.0,2019-10-31T00:00:00,BK
47.09,47.599998,46.939999,47.16,43.851994,7002200.0,2019-11-01T00:00:00,BK
47.740002,48.740002,47.599998,48.720001,45.302578,6561200.0,2019-11-04T00:00:00,BK
48.939999,49.650002,48.869999,49.169998,45.721004,6953200.0,2019-11-05T00:00:00,BK
49.150002,49.490002,48.93,49.130001,45.683819,3460000.0,2019-11-06T00:00:00,BK
49.540001,50.029999,49.389999,49.400002,45.934879,5281300.0,2019-11-07T00:00:00,BK
49.330002,49.669998,48.98,49.200001,45.748905,3748700.0,2019-11-08T00:00:00,BK
49.200001,49.57,48.990002,49.060001,45.618725,2988300.0,2019-11-11T00:00:00,BK
49.209999,49.310001,48.779999,48.900002,45.469948,3443800.0,2019-11-12T00:00:00,BK
48.380001,48.77,48.040001,48.349998,44.958523,2799500.0,2019-11-13T00:00:00,BK
48.32,48.630001,48.18,48.419998,45.023605,2034700.0,2019-11-14T00:00:00,BK
48.560001,48.619999,48.189999,48.57,45.163101,4286100.0,2019-11-15T00:00:00,BK
48.630001,49.029999,48.43,48.73,45.311878,2930900.0,2019-11-18T00:00:00,BK
48.990002,49.0,48.560001,48.689999,45.274677,3052400.0,2019-11-19T00:00:00,BK
48.560001,48.939999,48.380001,48.880001,45.451355,3204800.0,2019-11-20T00:00:00,BK
48.990002,49.110001,48.5,48.57,45.163101,2743600.0,2019-11-21T00:00:00,BK
48.650002,49.099998,48.560001,48.799999,45.376968,3133700.0,2019-11-22T00:00:00,BK
48.860001,49.450001,48.849998,49.330002,45.869781,2359800.0,2019-11-25T00:00:00,BK
49.369999,49.43,48.549999,48.779999,45.358368,3525600.0,2019-11-26T00:00:00,BK
49.02,49.150002,48.779999,48.959999,45.525742,2820100.0,2019-11-27T00:00:00,BK
48.880001,49.099998,48.639999,48.970001,45.535038,3290400.0,2019-11-29T00:00:00,BK
49.110001,49.400002,48.959999,49.130001,45.683819,3429800.0,2019-12-02T00:00:00,BK
48.610001,48.689999,47.91,48.119999,44.744656,3401500.0,2019-12-03T00:00:00,BK
48.119999,48.889999,48.119999,48.779999,45.358368,2188400.0,2019-12-04T00:00:00,BK
49.029999,49.299999,48.900002,49.27,45.813995,2372500.0,2019-12-05T00:00:00,BK
49.830002,49.93,49.610001,49.639999,46.158043,3686900.0,2019-12-06T00:00:00,BK
49.57,49.889999,49.41,49.700001,46.213837,2634300.0,2019-12-09T00:00:00,BK
49.759998,49.91,49.529999,49.84,46.344013,3265700.0,2019-12-10T00:00:00,BK
49.93,50.369999,49.799999,49.880001,46.38121,4365100.0,2019-12-11T00:00:00,BK
50.130001,51.400002,49.919998,51.220001,47.627213,4453300.0,2019-12-12T00:00:00,BK
51.029999,51.400002,50.16,50.220001,46.697357,3885600.0,2019-12-13T00:00:00,BK
50.73,51.040001,50.099998,50.16,46.641563,3239700.0,2019-12-16T00:00:00,BK
50.619999,51.25,50.509998,51.16,47.571423,4070600.0,2019-12-17T00:00:00,BK
51.110001,51.259998,50.919998,51.0,47.422646,5175200.0,2019-12-18T00:00:00,BK
50.950001,51.25,50.73,50.849998,47.283165,4391400.0,2019-12-19T00:00:00,BK
50.939999,51.110001,50.48,50.630001,47.078602,8378300.0,2019-12-20T00:00:00,BK
50.650002,50.700001,50.09,50.369999,46.836838,2084400.0,2019-12-23T00:00:00,BK
50.389999,50.470001,50.169998,50.349998,46.818233,763700.0,2019-12-24T00:00:00,BK
50.459999,50.650002,50.290001,50.490002,46.948421,1211700.0,2019-12-26T00:00:00,BK
50.529999,50.639999,50.169998,50.32,46.790348,1859200.0,2019-12-27T00:00:00,BK
50.540001,50.709999,50.09,50.18,46.660172,3458200.0,2019-12-30T00:00:00,BK
50.139999,50.48,50.060001,50.330002,46.799648,2264800.0,2019-12-31T00:00:00,BK
50.459999,50.919998,50.220001,50.919998,47.348251,2587200.0,2020-01-02T00:00:00,BK
50.259998,50.43,49.799999,50.27,46.743851,2276100.0,2020-01-03T00:00:00,BK
50.310001,50.75,50.02,50.740002,47.180889,3978800.0,2020-01-06T00:00:00,BK
50.689999,51.419998,50.689999,51.25,47.655106,3573500.0,2020-01-07T00:00:00,BK
51.450001,51.57,51.009998,51.310001,47.710899,3941400.0,2020-01-08T00:00:00,BK
51.509998,51.599998,51.27,51.48,47.868969,2775400.0,2020-01-09T00:00:00,BK
51.389999,51.389999,50.419998,50.540001,46.994907,3307800.0,2020-01-10T00:00:00,BK
50.669998,50.889999,50.549999,50.880001,47.311066,3557500.0,2020-01-13T00:00:00,BK
50.830002,51.209999,50.650002,51.009998,47.431942,3150100.0,2020-01-14T00:00:00,BK
50.73,50.889999,50.369999,50.689999,47.134388,4273600.0,2020-01-15T00:00:00,BK
46.75,47.450001,46.360001,46.720001,43.442863,12395200.0,2020-01-16T00:00:00,BK
46.849998,46.959999,45.860001,46.18,42.940742,12579800.0,2020-01-17T00:00:00,BK
46.310001,47.5,46.23,46.779999,43.49865,7863100.0,2020-01-21T00:00:00,BK
46.919998,47.07,46.5,46.73,43.45216,6344800.0,2020-01-22T00:00:00,BK
46.48,47.439999,46.25,47.02,43.721817,5586200.0,2020-01-23T00:00:00,BK
46.66,46.700001,45.540001,45.950001,43.010441,6416400.0,2020-01-24T00:00:00,BK
45.169998,45.759998,45.040001,45.049999,42.168011,5940100.0,2020-01-27T00:00:00,BK
45.400002,45.43,44.810001,44.970001,42.093136,8295700.0,2020-01-28T00:00:00,BK
45.099998,45.18,44.279999,44.459999,41.615761,9836000.0,2020-01-29T00:00:00,BK
44.16,45.48,44.099998,45.400002,42.495621,5153400.0,2020-01-30T00:00:00,BK
45.040001,45.189999,44.34,44.779999,41.915283,6765800.0,2020-01-31T00:00:00,BK
45.040001,45.880001,44.919998,45.209999,42.31778,6482200.0,2020-02-03T00:00:00,BK
45.84,46.630001,45.830002,45.950001,43.010441,6870500.0,2020-02-04T00:00:00,BK
46.48,47.200001,46.450001,46.98,43.974545,5209400.0,2020-02-05T00:00:00,BK
47.25,47.630001,47.060001,47.540001,44.498722,5696900.0,2020-02-06T00:00:00,BK
47.23,47.509998,46.98,47.25,44.22728,3867000.0,2020-02-07T00:00:00,BK
46.98,47.060001,46.34,46.490002,43.515892,3078900.0,2020-02-10T00:00:00,BK
46.66,46.799999,46.310001,46.419998,43.450371,3480600.0,2020-02-11T00:00:00,BK
46.810001,47.200001,46.509998,46.560001,43.581417,2631600.0,2020-02-12T00:00:00,BK
46.439999,46.599998,45.959999,46.029999,43.08532,2699300.0,2020-02-13T00:00:00,BK
46.099998,46.23,45.689999,45.900002,42.963638,3770800.0,2020-02-14T00:00:00,BK
45.799999,46.029999,45.18,45.290001,42.392658,3253200.0,2020-02-18T00:00:00,BK
45.299999,46.009998,45.200001,45.919998,42.982357,3957000.0,2020-02-19T00:00:00,BK
45.799999,46.299999,45.599998,45.830002,42.898121,2925800.0,2020-02-20T00:00:00,BK
45.509998,45.740002,44.830002,45.040001,42.158661,5058500.0,2020-02-21T00:00:00,BK
44.02,44.119999,42.900002,43.130001,40.37085,5088300.0,2020-02-24T00:00:00,BK
43.209999,43.419998,41.330002,41.59,38.929359,5765100.0,2020-02-25T00:00:00,BK
41.82,42.07,41.189999,41.369999,38.723434,6741400.0,2020-02-26T00:00:00,BK
40.509998,42.82,40.23,40.959999,38.339672,11049300.0,2020-02-27T00:00:00,BK
39.52,40.07,38.540001,39.900002,37.347477,14487900.0,2020-02-28T00:00:00,BK
40.029999,40.959999,39.200001,40.959999,38.339672,11490700.0,2020-03-02T00:00:00,BK
40.889999,40.939999,38.099998,38.830002,36.345932,14057800.0,2020-03-03T00:00:00,BK
39.310001,40.91,38.650002,40.5,37.909092,12017400.0,2020-03-04T00:00:00,BK
38.560001,40.119999,38.16,39.299999,36.785862,10984100.0,2020-03-05T00:00:00,BK
37.57,38.740002,37.360001,38.07,35.634548,9299800.0,2020-03-06T00:00:00,BK
34.799999,37.439999,34.200001,34.950001,32.714146,8351900.0,2020-03-09T00:00:00,BK
36.509998,36.610001,35.040001,36.549999,34.211784,8741400.0,2020-03-10T00:00:00,BK
35.619999,35.919998,33.700001,34.200001,32.012127,8599400.0,2020-03-11T00:00:00,BK
31.85,32.34,29.4,29.52,27.631516,9726400.0,2020-03-12T00:00:00,BK
31.75,34.130001,30.450001,34.130001,31.946596,9089100.0,2020-03-13T00:00:00,BK
29.139999,32.619999,29.0,29.18,27.313267,9714900.0,2020-03-16T00:00:00,BK
30.129999,30.6,28.190001,29.969999,28.052729,11954600.0,2020-03-17T00:00:00,BK
28.059999,29.540001,26.4,28.76,26.920137,10176600.0,2020-03-18T00:00:00,BK
28.459999,31.32,27.700001,30.0,28.080809,7907500.0,2020-03-19T00:00:00,BK
30.299999,31.309999,28.870001,29.07,27.2103,9555900.0,2020-03-20T00:00:00,BK
28.809999,28.959999,26.93,27.49,25.731379,8555200.0,2020-03-23T00:00:00,BK
29.209999,31.59,29.17,31.0,29.016836,9411600.0,2020-03-24T00:00:00,BK
31.51,32.889999,29.51,31.639999,29.615892,9866600.0,2020-03-25T00:00:00,BK
31.93,33.169998,30.93,33.0,30.888891,8440900.0,2020-03-26T00:00:00,BK
31.629999,33.529999,31.280001,32.540001,30.458317,5764500.0,2020-03-27T00:00:00,BK
32.599998,34.18,31.719999,34.0,31.824919,6232200.0,2020-03-30T00:00:00,BK
33.560001,34.880001,33.290001,33.68,31.525383,7047300.0,2020-03-31T00:00:00,BK
31.950001,33.099998,31.379999,32.700001,30.608078,7727200.0,2020-04-01T00:00:00,BK
32.400002,33.950001,32.07,33.639999,31.487944,6709700.0,2020-04-02T00:00:00,BK
33.459999,34.23,32.959999,33.75,31.590902,5085400.0,2020-04-03T00:00:00,BK
35.630001,35.720001,34.450001,35.240002,32.985592,6782000.0,2020-04-06T00:00:00,BK
37.18,37.310001,34.740002,34.799999,32.573738,8191400.0,2020-04-07T00:00:00,BK
35.09,35.900002,34.709999,35.650002,33.369366,5860600.0,2020-04-08T00:00:00,BK
36.34,37.880001,36.169998,37.139999,34.764042,8037800.0,2020-04-09T00:00:00,BK
36.98,37.0,35.41,36.0,33.696972,7002800.0,2020-04-13T00:00:00,BK
36.73,36.950001,35.5,36.34,34.015224,5368300.0,2020-04-14T00:00:00,BK
34.91,35.189999,34.43,34.630001,32.414619,5291500.0,2020-04-15T00:00:00,BK
37.240002,37.77,35.52,36.139999,33.828014,9772300.0,2020-04-16T00:00:00,BK
37.470001,37.779999,36.82,37.389999,34.998051,8579700.0,2020-04-17T00:00:00,BK
36.75,36.869999,35.900002,36.41,34.080742,6156100.0,2020-04-20T00:00:00,BK
35.330002,36.099998,34.869999,35.209999,32.957508,6780000.0,2020-04-21T00:00:00,BK
35.91,35.91,35.150002,35.52,33.247673,4128400.0,2020-04-22T00:00:00,BK
35.709999,35.950001,35.099998,35.32,33.060471,4287700.0,2020-04-23T00:00:00,BK
35.75,36.080002,35.080002,35.759998,33.472324,4126800.0,2020-04-24T00:00:00,BK
35.849998,37.23,35.689999,36.939999,34.879196,5342600.0,2020-04-27T00:00:00,BK
38.07,38.25,37.32,37.400002,35.313538,3929100.0,2020-04-28T00:00:00,BK
38.389999,38.389999,37.43,38.02,35.898952,7789900.0,2020-04-29T00:00:00,BK
37.279999,37.720001,36.93,37.540001,35.445728,4397300.0,2020-04-30T00:00:00,BK
36.650002,36.740002,35.849998,36.0,33.991642,4005200.0,2020-05-01T00:00:00,BK
35.650002,35.740002,35.060001,35.540001,33.557304,4139300.0,2020-05-04T00:00:00,BK
36.029999,36.18,35.130001,35.139999,33.179615,3679600.0,2020-05-05T00:00:00,BK
35.400002,35.540001,34.490002,34.5,32.575325,5061400.0,2020-05-06T00:00:00,BK
34.98,35.849998,34.700001,34.849998,32.905796,5595100.0,2020-05-07T00:00:00,BK
35.560001,35.619999,34.82,35.34,33.368454,4756900.0,2020-05-08T00:00:00,BK
34.830002,34.91,34.389999,34.450001,32.528107,5014500.0,2020-05-11T00:00:00,BK
34.580002,34.810001,32.98,32.990002,31.149563,6567800.0,2020-05-12T00:00:00,BK
32.619999,32.73,31.65,32.490002,30.677458,6877100.0,2020-05-13T00:00:00,BK
31.959999,32.599998,31.24,32.439999,30.630245,7074400.0,2020-05-14T00:00:00,BK
32.060001,32.380001,31.700001,32.060001,30.271442,4121500.0,2020-05-15T00:00:00,BK
33.060001,33.950001,32.759998,33.73,31.848274,6943300.0,2020-05-18T00:00:00,BK
33.580002,33.959999,33.110001,33.52,31.64999,5591300.0,2020-05-19T00:00:00,BK
34.060001,34.959999,34.009998,34.84,32.896362,6587000.0,2020-05-20T00:00:00,BK
34.650002,35.23,34.599998,34.98,33.028545,5796600.0,2020-05-21T00:00:00,BK
35.060001,35.060001,34.299999,34.5,32.575325,5236400.0,2020-05-22T00:00:00,BK
35.689999,37.68,35.549999,36.889999,34.831985,7954300.0,2020-05-26T00:00:00,BK
38.389999,38.93,37.59,38.57,36.418262,7335800.0,2020-05-27T00:00:00,BK
39.110001,39.209999,37.57,37.59,35.492939,5393200.0,2020-05-28T00:00:00,BK
37.049999,37.689999,36.689999,37.169998,35.096367,5766700.0,2020-05-29T00:00:00,BK
37.369999,38.09,37.259998,37.700001,35.596806,2999900.0,2020-06-01T00:00:00,BK
38.07,38.540001,37.939999,38.330002,36.191658,3989100.0,2020-06-02T00:00:00,BK
39.060001,39.599998,38.860001,39.34,37.145309,4370800.0,2020-06-03T00:00:00,BK
39.169998,40.450001,38.950001,40.439999,38.183945,5165800.0,2020-06-04T00:00:00,BK
42.889999,42.990002,41.610001,42.299999,39.940178,7172100.0,2020-06-05T00:00:00,BK
42.880001,43.169998,41.52,42.290001,39.93074,5488500.0,2020-06-08T00:00:00,BK
41.16,41.77,40.950001,41.419998,39.109268,4537800.0,2020-06-09T00:00:00,BK
41.189999,41.189999,39.810001,39.950001,37.721283,6664600.0,2020-06-10T00:00:00,BK
38.34,39.18,37.529999,37.68,35.577915,8338500.0,2020-06-11T00:00:00,BK
39.07,39.27,37.279999,38.439999,36.295517,6191700.0,2020-06-12T00:00:00,BK
37.07,38.650002,36.849998,38.43,36.286076,4125300.0,2020-06-15T00:00:00,BK
39.720001,39.849998,38.220001,38.720001,36.559898,4984000.0,2020-06-16T00:00:00,BK
38.740002,39.369999,38.32,38.73,36.569336,4841900.0,2020-06-17T00:00:00,BK
38.310001,39.150002,38.200001,38.630001,36.474922,3606300.0,2020-06-18T00:00:00,BK
39.349998,39.400002,38.299999,39.23,37.041451,13322600.0,2020-06-19T00:00:00,BK
38.779999,39.150002,38.419998,38.529999,36.380493,3967900.0,2020-06-22T00:00:00,BK
39.130001,39.52,38.689999,38.720001,36.559898,4882700.0,2020-06-23T00:00:00,BK
38.220001,38.290001,37.200001,37.23,35.153015,7383200.0,2020-06-24T00:00:00,BK
37.09,38.240002,36.98,38.150002,36.021702,7176300.0,2020-06-25T00:00:00,BK
37.549999,37.73,36.040001,36.32,34.293793,7386900.0,2020-06-26T00:00:00,BK
36.849998,37.290001,36.630001,36.950001,34.888638,4300400.0,2020-06-29T00:00:00,BK
36.98,38.880001,36.880001,38.650002,36.493801,8099100.0,2020-06-30T00:00:00,BK
38.689999,38.759998,37.43,37.59,35.492939,5924000.0,2020-07-01T00:00:00,BK
38.32,38.889999,37.799999,37.939999,35.823414,4114500.0,2020-07-02T00:00:00,BK
38.700001,38.959999,38.290001,38.549999,36.399387,3910400.0,2020-07-06T00:00:00,BK
38.150002,38.240002,37.619999,37.77,35.662899,4163600.0,2020-07-07T00:00:00,BK
37.869999,38.939999,37.77,38.82,36.654324,7450600.0,2020-07-08T00:00:00,BK
38.529999,38.77,36.98,37.150002,35.077484,6186500.0,2020-07-09T00:00:00,BK
37.150002,38.490002,37.07,38.380001,36.238869,3412100.0,2020-07-10T00:00:00,BK
38.91,39.290001,38.049999,38.860001,36.692085,4760500.0,2020-07-13T00:00:00,BK
38.689999,39.290001,38.279999,38.970001,36.795948,5500500.0,2020-07-14T00:00:00,BK
36.959999,37.400002,36.0,36.860001,34.803665,14629300.0,2020-07-15T00:00:00,BK
36.66,37.389999,36.169998,36.740002,34.690365,6434900.0,2020-07-16T00:00:00,BK
36.860001,36.900002,36.040001,36.119999,34.104942,6360400.0,2020-07-17T00:00:00,BK
35.860001,36.18,35.720001,35.939999,33.934982,3916800.0,2020-07-20T00:00:00,BK
36.080002,36.740002,35.799999,36.689999,34.643147,6877200.0,2020-07-21T00:00:00,BK
36.5,36.580002,35.509998,36.040001,34.029415,7478100.0,2020-07-22T00:00:00,BK
35.950001,36.669998,35.650002,36.540001,34.501514,5495600.0,2020-07-23T00:00:00,BK
36.349998,36.75,36.09,36.23,34.501511,5809100.0,2020-07-24T00:00:00,BK
35.919998,35.970001,35.27,35.75,34.044411,4402000.0,2020-07-27T00:00:00,BK
35.529999,36.220001,35.5,36.07,34.349148,5882400.0,2020-07-28T00:00:00,BK
36.139999,36.529999,35.619999,36.349998,34.615784,5475500.0,2020-07-29T00:00:00,BK
35.82,35.91,35.450001,35.860001,34.149162,4703900.0,2020-07-30T00:00:00,BK
35.759998,35.990002,35.57,35.849998,34.139645,4726900.0,2020-07-31T00:00:00,BK
35.93,36.150002,35.52,36.029999,34.31105,4073900.0,2020-08-03T00:00:00,BK
35.959999,36.279999,35.630001,35.84,34.130123,4849100.0,2020-08-04T00:00:00,BK
36.07,36.360001,35.860001,36.299999,34.568169,5788500.0,2020-08-05T00:00:00,BK
36.110001,36.48,35.880001,35.990002,34.272964,3047500.0,2020-08-06T00:00:00,BK
35.959999,37.830002,35.939999,37.75,35.948997,5757400.0,2020-08-07T00:00:00,BK
37.790001,38.130001,37.540001,37.939999,36.129932,4859700.0,2020-08-10T00:00:00,BK
38.66,39.16,38.07,38.139999,36.320389,4709500.0,2020-08-11T00:00:00,BK
38.93,38.939999,37.630001,37.98,36.168022,3680300.0,2020-08-12T00:00:00,BK
37.380001,37.82,36.889999,37.279999,35.501419,4609400.0,2020-08-13T00:00:00,BK
37.119999,37.779999,37.119999,37.529999,35.739494,2651700.0,2020-08-14T00:00:00,BK
37.57,37.639999,36.91,37.09,35.320484,4786500.0,2020-08-17T00:00:00,BK
37.009998,37.09,36.68,36.790001,35.034801,4003100.0,2020-08-18T00:00:00,BK
37.02,37.709999,36.810001,36.990002,35.225258,4280000.0,2020-08-19T00:00:00,BK
36.549999,36.639999,35.73,35.869999,34.158688,4403100.0,2020-08-20T00:00:00,BK
35.93,36.080002,35.599998,35.73,34.025372,2607200.0,2020-08-21T00:00:00,BK
35.73,36.5,35.560001,36.400002,34.663406,5810000.0,2020-08-24T00:00:00,BK
36.740002,36.950001,36.470001,36.669998,34.920521,4094600.0,2020-08-25T00:00:00,BK
36.669998,36.860001,36.290001,36.619999,34.87291,3219600.0,2020-08-26T00:00:00,BK
36.619999,37.759998,36.610001,37.549999,35.758541,4594300.0,2020-08-27T00:00:00,BK
37.720001,37.720001,37.220001,37.560001,35.768059,3139000.0,2020-08-28T00:00:00,BK
37.560001,37.560001,36.779999,36.98,35.21574,3874600.0,2020-08-31T00:00:00,BK
36.799999,37.360001,36.540001,37.209999,35.434757,3136000.0,2020-09-01T00:00:00,BK
37.139999,37.790001,37.060001,37.669998,35.872814,3830400.0,2020-09-02T00:00:00,BK
37.91,38.450001,36.490002,36.849998,35.091938,5060900.0,2020-09-03T00:00:00,BK
37.639999,38.220001,37.330002,37.5,35.710926,6450500.0,2020-09-04T00:00:00,BK
37.060001,37.200001,35.990002,36.040001,34.320583,4954500.0,2020-09-08T00:00:00,BK
36.259998,36.369999,35.84,35.889999,34.177738,4106800.0,2020-09-09T00:00:00,BK
36.040001,36.169998,35.509998,35.57,33.873009,4037800.0,2020-09-10T00:00:00,BK
35.580002,36.23,35.52,36.0,34.28249,3521300.0,2020-09-11T00:00:00,BK
36.330002,36.709999,35.860001,35.959999,34.244396,4116400.0,2020-09-14T00:00:00,BK
35.700001,35.880001,34.48,34.869999,33.206398,6877500.0,2020-09-15T00:00:00,BK
34.869999,36.16,34.84,35.57,33.873009,6385200.0,2020-09-16T00:00:00,BK
35.09,35.610001,35.049999,35.560001,33.863483,3181900.0,2020-09-17T00:00:00,BK
35.450001,35.869999,35.349998,35.400002,33.711113,5827000.0,2020-09-18T00:00:00,BK
34.470001,34.82,33.369999,33.970001,32.349335,4781100.0,2020-09-21T00:00:00,BK
33.860001,34.169998,33.049999,33.48,31.882715,4801700.0,2020-09-22T00:00:00,BK
33.610001,34.200001,33.23,33.25,31.663687,4213800.0,2020-09-23T00:00:00,BK
33.310001,33.43,32.669998,33.139999,31.558935,3805800.0,2020-09-24T00:00:00,BK
32.82,33.48,32.650002,33.400002,31.806532,3460900.0,2020-09-25T00:00:00,BK
33.970001,34.610001,33.860001,34.290001,32.654068,3291600.0,2020-09-28T00:00:00,BK
34.080002,34.16,33.630001,33.869999,32.254108,4204900.0,2020-09-29T00:00:00,BK
33.869999,34.52,33.869999,34.34,32.701679,8480000.0,2020-09-30T00:00:00,BK
34.459999,34.709999,33.91,34.169998,32.539791,8063900.0,2020-10-01T00:00:00,BK
33.880001,34.950001,33.810001,34.740002,33.0826,5850600.0,2020-10-02T00:00:00,BK
35.040001,35.639999,35.009998,35.380001,33.692066,3655500.0,2020-10-05T00:00:00,BK
35.799999,36.200001,35.16,35.23,33.549225,5064200.0,2020-10-06T00:00:00,BK
35.419998,36.669998,35.419998,36.459999,34.720535,6004700.0,2020-10-07T00:00:00,BK
36.610001,37.209999,36.470001,37.18,35.406189,3642000.0,2020-10-08T00:00:00,BK
37.299999,37.98,37.150002,37.700001,35.901386,5888400.0,2020-10-09T00:00:00,BK
37.619999,38.0,37.549999,37.810001,36.006134,5554000.0,2020-10-12T00:00:00,BK
37.84,37.84,36.669998,36.880001,35.120502,4178200.0,2020-10-13T00:00:00,BK
36.880001,37.16,36.580002,36.59,34.844337,6360700.0,2020-10-14T00:00:00,BK
36.27,37.23,36.220001,37.23,35.4538,8067800.0,2020-10-15T00:00:00,BK
38.18,38.75,37.48,38.02,36.20612,7351400.0,2020-10-16T00:00:00,BK
38.07,38.200001,36.880001,36.959999,35.196686,3852800.0,2020-10-19T00:00:00,BK
37.380001,37.709999,36.98,37.099998,35.330009,3375700.0,2020-10-20T00:00:00,BK
36.93,37.52,36.849998,36.91,35.149063,4221400.0,2020-10-21T00:00:00,BK
36.810001,37.639999,36.549999,37.560001,35.768059,3810600.0,2020-10-22T00:00:00,BK
37.869999,38.169998,37.59,37.669998,35.872814,3727000.0,2020-10-23T00:00:00,BK
37.169998,37.369999,36.349998,36.73,34.977661,4531100.0,2020-10-26T00:00:00,BK
36.310001,36.490002,35.509998,35.560001,34.151722,4361700.0,2020-10-27T00:00:00,BK
34.880001,35.09,34.009998,34.080002,32.730331,8743800.0,2020-10-28T00:00:00,BK
33.950001,34.599998,33.189999,34.32,32.960827,6401300.0,2020-10-29T00:00:00,BK
34.16,34.380001,33.639999,34.360001,32.999241,5521500.0,2020-10-30T00:00:00,BK
35.02,35.279999,34.52,35.099998,33.709934,5640000.0,2020-11-02T00:00:00,BK
35.830002,36.330002,35.610001,35.990002,34.56469,6011500.0,2020-11-03T00:00:00,BK
35.130001,35.650002,34.389999,34.700001,33.325779,7630300.0,2020-11-04T00:00:00,BK
34.889999,35.93,34.860001,35.599998,34.190136,6184300.0,2020-11-05T00:00:00,BK
35.75,35.849998,34.919998,35.07,33.681122,4336500.0,2020-11-06T00:00:00,BK
38.439999,40.060001,38.41,39.16,37.60915,9647200.0,2020-11-09T00:00:00,BK
39.169998,39.52,38.43,39.220001,37.666771,6627700.0,2020-11-10T00:00:00,BK
39.700001,39.700001,38.23,38.599998,37.071327,6169500.0,2020-11-11T00:00:00,BK
38.130001,38.389999,37.330002,37.73,36.235783,4461000.0,2020-11-12T00:00:00,BK
38.200001,38.959999,38.040001,38.709999,37.176968,3872500.0,2020-11-13T00:00:00,BK
39.77,39.939999,39.220001,39.709999,38.13736,4664800.0,2020-11-16T00:00:00,BK
39.029999,39.689999,38.84,39.439999,37.878056,3870900.0,2020-11-17T00:00:00,BK
39.650002,40.209999,38.720001,38.740002,37.205788,7207400.0,2020-11-18T00:00:00,BK
37.860001,38.599998,37.759998,38.490002,36.965683,4173100.0,2020-11-19T00:00:00,BK
37.73,38.099998,37.52,37.880001,36.379841,6106300.0,2020-11-20T00:00:00,BK
38.330002,38.830002,38.119999,38.549999,37.023308,4093500.0,2020-11-23T00:00:00,BK
39.200001,40.84,39.150002,40.689999,39.078556,6188900.0,2020-11-24T00:00:00,BK
40.450001,40.650002,39.830002,40.369999,38.771229,5737400.0,2020-11-25T00:00:00,BK
40.799999,40.799999,39.860001,39.950001,38.367863,2259200.0,2020-11-27T00:00:00,BK
40.02,40.060001,38.939999,39.119999,37.570736,6200700.0,2020-11-30T00:00:00,BK
39.799999,40.099998,39.34,39.459999,37.897263,6028400.0,2020-12-01T00:00:00,BK
39.450001,40.150002,39.290001,39.990002,38.406281,4778800.0,2020-12-02T00:00:00,BK
40.02,40.279999,39.610001,40.119999,38.531128,5286700.0,2020-12-03T00:00:00,BK
40.240002,40.799999,40.240002,40.650002,39.040138,5224300.0,2020-12-04T00:00:00,BK
40.279999,40.57,39.869999,40.34,38.742413,4652300.0,2020-12-07T00:00:00,BK
40.029999,40.849998,40.009998,40.779999,39.164993,4657900.0,2020-12-08T00:00:00,BK
41.049999,41.509998,40.700001,40.790001,39.174591,5833300.0,2020-12-09T00:00:00,BK
40.360001,41.5,40.279999,41.360001,39.722019,6598400.0,2020-12-10T00:00:00,BK
40.73,40.900002,40.139999,40.240002,38.646381,6298400.0,2020-12-11T00:00:00,BK
40.830002,40.98,39.799999,39.830002,38.252617,4456200.0,2020-12-14T00:00:00,BK
40.369999,40.509998,39.720001,40.189999,38.598354,4741400.0,2020-12-15T00:00:00,BK
40.290001,40.669998,40.099998,40.450001,38.848061,4771000.0,2020-12-16T00:00:00,BK
40.59,40.689999,40.16,40.41,38.809643,4896500.0,2020-12-17T00:00:00,BK
40.330002,40.91,40.23,40.790001,39.174591,10343600.0,2020-12-18T00:00:00,BK
41.529999,42.139999,40.400002,41.419998,39.779644,7362300.0,2020-12-21T00:00:00,BK
41.349998,41.360001,40.25,40.279999,38.684788,4172700.0,2020-12-22T00:00:00,BK
40.540001,41.32,40.43,40.98,39.357071,3833900.0,2020-12-23T00:00:00,BK
41.150002,41.200001,40.619999,41.040001,39.414692,1254800.0,2020-12-24T00:00:00,BK
41.34,41.889999,41.07,41.439999,39.798851,3294400.0,2020-12-28T00:00:00,BK
41.580002,41.68,41.209999,41.439999,39.798851,3244700.0,2020-12-29T00:00:00,BK
41.48,41.869999,41.389999,41.689999,40.038948,2824900.0,2020-12-30T00:00:00,BK
41.689999,42.490002,41.580002,42.439999,40.759247,2956600.0,2020-12-31T00:00:00,BK
42.5,42.639999,41.23,41.689999,40.038948,5710200.0,2021-01-04T00:00:00,BK
41.689999,42.43,41.34,42.16,40.490337,4592400.0,2021-01-05T00:00:00,BK
43.52,45.419998,43.43,45.009998,43.227467,8467200.0,2021-01-06T00:00:00,BK
45.59,46.040001,45.240002,45.279999,43.486774,5079000.0,2021-01-07T00:00:00,BK
45.349998,45.459999,44.43,44.799999,43.025784,3621000.0,2021-01-08T00:00:00,BK
44.43,45.57,44.099998,45.560001,43.755688,4590200.0,2021-01-11T00:00:00,BK
45.91,46.669998,45.849998,46.560001,44.716084,4933700.0,2021-01-12T00:00:00,BK
46.52,46.84,46.189999,46.32,44.485584,4343300.0,2021-01-13T00:00:00,BK
46.360001,46.84,45.810001,46.529999,44.687271,3362300.0,2021-01-14T00:00:00,BK
45.959999,46.130001,45.32,45.57,43.765297,4330800.0,2021-01-15T00:00:00,BK
45.75,46.330002,45.23,45.82,44.005394,6427800.0,2021-01-19T00:00:00,BK
43.720001,44.0,42.259998,42.490002,40.807266,10494500.0,2021-01-20T00:00:00,BK
42.529999,42.790001,41.700001,42.259998,40.586384,8669700.0,2021-01-21T00:00:00,BK
41.810001,42.279999,41.470001,41.93,40.269447,5509000.0,2021-01-22T00:00:00,BK
41.5,41.700001,41.110001,41.299999,39.664394,8239300.0,2021-01-25T00:00:00,BK
41.48,41.669998,40.880001,41.34,39.702816,5936700.0,2021-01-26T00:00:00,BK
40.759998,40.84,39.580002,39.82,38.243008,8475500.0,2021-01-27T00:00:00,BK
40.080002,41.060001,40.040001,40.689999,39.078556,7315500.0,2021-01-28T00:00:00,BK
40.209999,40.599998,39.459999,39.830002,38.546288,7392700.0,2021-01-29T00:00:00,BK
40.130001,41.07,40.02,40.470001,39.165657,7013600.0,2021-02-01T00:00:00,BK
40.75,41.630001,40.529999,40.849998,39.533405,8285500.0,2021-02-02T00:00:00,BK
40.720001,41.32,40.560001,41.060001,39.736645,5403200.0,2021-02-03T00:00:00,BK
41.290001,42.299999,41.169998,42.23,40.868927,5019600.0,2021-02-04T00:00:00,BK
42.529999,42.580002,41.889999,42.029999,40.675373,3505000.0,2021-02-05T00:00:00,BK
42.150002,42.439999,41.790001,41.950001,40.597954,3988300.0,2021-02-08T00:00:00,BK
41.849998,42.150002,41.400002,41.959999,40.607632,4202800.0,2021-02-09T00:00:00,BK
42.110001,42.389999,41.709999,41.740002,40.394726,4574500.0,2021-02-10T00:00:00,BK
43.0,43.84,42.029999,42.130001,40.772152,10917500.0,2021-02-11T00:00:00,BK
41.889999,42.540001,41.580002,41.93,40.578602,8844800.0,2021-02-12T00:00:00,BK
42.189999,43.349998,42.110001,42.75,41.372177,8707400.0,2021-02-16T00:00:00,BK
42.779999,43.299999,42.43,42.900002,41.517338,4602200.0,2021-02-17T00:00:00,BK
42.560001,42.799999,41.900002,42.18,40.820541,3715800.0,2021-02-18T00:00:00,BK
42.419998,42.889999,42.240002,42.32,40.956028,5899900.0,2021-02-19T00:00:00,BK
42.099998,43.98,42.080002,43.73,42.320583,9732700.0,2021-02-22T00:00:00,BK
43.98,44.540001,43.650002,43.830002,42.417362,8004600.0,2021-02-23T00:00:00,BK
43.970001,44.57,43.830002,44.259998,42.833504,7416800.0,2021-02-24T00:00:00,BK
44.610001,44.950001,43.25,43.419998,42.020573,7042100.0,2021-02-25T00:00:00,BK
43.040001,43.200001,41.98,42.16,40.801189,6967300.0,2021-02-26T00:00:00,BK
42.860001,43.869999,42.689999,43.68,42.272198,6377000.0,2021-03-01T00:00:00,BK
43.709999,44.32,43.580002,43.599998,42.194767,4494600.0,2021-03-02T00:00:00,BK
43.779999,45.560001,43.779999,44.529999,43.094803,7398000.0,2021-03-03T00:00:00,BK
44.529999,45.349998,44.040001,44.759998,43.317383,6910300.0,2021-03-04T00:00:00,BK
45.400002,45.720001,44.400002,45.029999,43.578686,5828700.0,2021-03-05T00:00:00,BK
45.57,46.16,45.150002,45.630001,44.159348,4341700.0,2021-03-08T00:00:00,BK
45.029999,45.939999,44.349998,44.939999,43.491592,6057800.0,2021-03-09T00:00:00,BK
45.110001,46.27,44.900002,45.900002,44.42065,5011900.0,2021-03-10T00:00:00,BK
45.560001,46.0,45.200001,45.73,44.256126,3696800.0,2021-03-11T00:00:00,BK
46.540001,46.900002,46.200001,46.66,45.156151,4741500.0,2021-03-12T00:00:00,BK
46.689999,46.779999,46.02,46.689999,45.185184,3676000.0,2021-03-15T00:00:00,BK
46.41,46.630001,45.919998,46.240002,44.749687,3732700.0,2021-03-16T00:00:00,BK
46.669998,46.82,45.880001,46.509998,45.010986,4903800.0,2021-03-17T00:00:00,BK
47.029999,47.759998,46.529999,46.700001,45.194862,6300100.0,2021-03-18T00:00:00,BK
46.189999,46.709999,45.610001,46.349998,44.856144,14555300.0,2021-03-19T00:00:00,BK
45.369999,45.799999,44.880001,45.209999,43.752884,6265600.0,2021-03-22T00:00:00,BK
44.939999,45.34,44.200001,44.369999,42.939957,3727700.0,2021-03-23T00:00:00,BK
45.490002,46.040001,45.25,45.25,43.791595,5262300.0,2021-03-24T00:00:00,BK
45.34,46.369999,44.700001,46.330002,44.836792,6261700.0,2021-03-25T00:00:00,BK
46.82,47.560001,46.759998,47.490002,45.959404,7321300.0,2021-03-26T00:00:00,BK
46.630001,47.91,46.459999,47.52,45.988434,4829200.0,2021-03-29T00:00:00,BK
47.799999,48.150002,47.5,47.860001,46.317478,4451200.0,2021-03-30T00:00:00,BK
47.630001,47.880001,47.220001,47.290001,45.765846,4847400.0,2021-03-31T00:00:00,BK
47.240002,47.52,46.849998,47.470001,45.940048,4046100.0,2021-04-01T00:00:00,BK
47.98,48.5,47.68,48.130001,46.578773,3655600.0,2021-04-05T00:00:00,BK
48.040001,48.130001,47.41,47.779999,46.240055,3120400.0,2021-04-06T00:00:00,BK
48.029999,48.290001,47.599998,47.84,46.298122,3351600.0,2021-04-07T00:00:00,BK
47.630001,48.049999,47.389999,48.0,46.452961,3119400.0,2021-04-08T00:00:00,BK
48.299999,48.700001,48.169998,48.619999,47.052982,3172400.0,2021-04-09T00:00:00,BK
48.619999,49.130001,48.529999,49.09,47.507832,2843600.0,2021-04-12T00:00:00,BK
48.810001,48.919998,48.259998,48.34,46.782005,3233100.0,2021-04-13T00:00:00,BK
48.299999,48.970001,48.09,48.639999,47.072338,4219000.0,2021-04-14T00:00:00,BK
48.73,48.799999,47.950001,48.009998,46.462639,7748100.0,2021-04-15T00:00:00,BK
47.049999,47.5,45.799999,46.07,44.585167,9955800.0,2021-04-16T00:00:00,BK
46.27,46.93,46.130001,46.810001,45.301319,6314000.0,2021-04-19T00:00:00,BK
46.639999,47.209999,46.279999,46.580002,45.078732,7287800.0,2021-04-20T00:00:00,BK
46.310001,47.41,46.189999,47.189999,45.669071,4994400.0,2021-04-21T00:00:00,BK
46.869999,47.23,46.380001,46.549999,45.04969,5367400.0,2021-04-22T00:00:00,BK
46.549999,47.889999,46.25,47.599998,46.065853,4502700.0,2021-04-23T00:00:00,BK
47.84,48.540001,47.75,48.110001,46.559418,5555900.0,2021-04-26T00:00:00,BK
47.869999,48.66,47.580002,48.549999,47.289951,5566600.0,2021-04-27T00:00:00,BK
48.610001,49.240002,48.610001,49.18,47.903603,5937900.0,2021-04-28T00:00:00,BK
49.5,50.259998,49.43,50.080002,48.780247,6958400.0,2021-04-29T00:00:00,BK
49.970001,50.25,49.709999,49.880001,48.585442,6879700.0,2021-04-30T00:00:00,BK
50.25,50.450001,49.700001,50.23,48.92635,3896200.0,2021-05-03T00:00:00,BK
50.130001,50.650002,49.990002,50.490002,49.179607,6153800.0,2021-05-04T00:00:00,BK
50.610001,51.59,50.139999,51.450001,50.114689,4198000.0,2021-05-05T00:00:00,BK
51.610001,51.93,51.34,51.889999,50.543266,4923200.0,2021-05-06T00:00:00,BK
51.169998,51.950001,50.59,51.82,50.475082,4638900.0,2021-05-07T00:00:00,BK
52.189999,52.82,52.0,52.27,50.913406,4710300.0,2021-05-10T00:00:00,BK
51.869999,52.630001,51.349998,51.580002,50.241314,6502200.0,2021-05-11T00:00:00,BK
52.130001,52.34,50.869999,51.029999,49.705585,4204100.0,2021-05-12T00:00:00,BK
50.759998,52.009998,50.619999,51.689999,50.348454,4724100.0,2021-05-13T00:00:00,BK
51.98,52.290001,51.639999,51.779999,50.436123,4497100.0,2021-05-14T00:00:00,BK
51.799999,52.290001,51.43,52.09,50.738079,3919900.0,2021-05-17T00:00:00,BK
52.040001,52.310001,50.73,50.75,49.432854,5464000.0,2021-05-18T00:00:00,BK
50.209999,50.889999,49.810001,50.860001,49.540001,4990300.0,2021-05-19T00:00:00,BK
50.849998,50.990002,50.41,50.610001,49.296494,2854500.0,2021-05-20T00:00:00,BK
50.799999,51.759998,50.720001,51.560001,50.221832,3669100.0,2021-05-21T00:00:00,BK
51.610001,51.860001,51.470001,51.740002,50.39716,2663700.0,2021-05-24T00:00:00,BK
51.77,52.25,51.0,51.119999,49.793255,3035100.0,2021-05-25T00:00:00,BK
51.41,51.709999,50.98,51.560001,50.221832,3766400.0,2021-05-26T00:00:00,BK
52.209999,52.689999,51.82,52.099998,50.747818,6573400.0,2021-05-27T00:00:00,BK
52.18,52.220001,51.650002,52.080002,50.72834,3404400.0,2021-05-28T00:00:00,BK
52.810001,52.900002,52.040001,52.299999,50.942623,3181700.0,2021-06-01T00:00:00,BK
52.23,52.43,51.740002,52.119999,50.7673,3302300.0,2021-06-02T00:00:00,BK
52.049999,52.48,51.73,52.200001,50.845222,2788700.0,2021-06-03T00:00:00,BK
52.18,52.25,51.639999,52.209999,50.854961,2204700.0,2021-06-04T00:00:00,BK
52.330002,52.330002,51.77,51.82,50.475082,2285800.0,2021-06-07T00:00:00,BK
51.41,51.639999,50.849998,51.419998,50.085468,2803300.0,2021-06-08T00:00:00,BK
51.080002,51.080002,50.549999,50.619999,49.306229,2910400.0,2021-06-09T00:00:00,BK
51.040001,51.25,49.84,49.869999,48.575691,3189400.0,2021-06-10T00:00:00,BK
49.959999,50.450001,49.900002,50.41,49.101677,3569000.0,2021-06-11T00:00:00,BK
50.150002,50.509998,48.830002,49.639999,48.351662,5997200.0,2021-06-14T00:00:00,BK
49.790001,50.57,49.650002,50.450001,49.140644,3687800.0,2021-06-15T00:00:00,BK
50.34,51.950001,49.639999,51.23,49.900394,9781300.0,2021-06-16T00:00:00,BK
51.830002,51.849998,49.16,49.48,48.195816,7323000.0,2021-06-17T00:00:00,BK
48.869999,48.950001,48.040001,48.220001,46.968517,11516800.0,2021-06-18T00:00:00,BK
48.610001,49.73,48.509998,49.66,48.371143,4172300.0,2021-06-21T00:00:00,BK
49.689999,49.740002,49.040001,49.439999,48.156849,3888600.0,2021-06-22T00:00:00,BK
49.57,49.869999,49.349998,49.369999,48.088669,4596400.0,2021-06-23T00:00:00,BK
49.610001,50.450001,49.380001,50.25,48.945827,3682000.0,2021-06-24T00:00:00,BK
50.41,51.139999,50.279999,50.990002,49.66663,4168300.0,2021-06-25T00:00:00,BK
50.799999,50.91,50.16,50.860001,49.540001,2792100.0,2021-06-28T00:00:00,BK
51.25,51.68,50.869999,51.02,49.695847,3920500.0,2021-06-29T00:00:00,BK
50.720001,51.380001,50.549999,51.23,49.900394,5501600.0,2021-06-30T00:00:00,BK
51.560001,51.740002,51.16,51.43,50.095207,2867300.0,2021-07-01T00:00:00,BK
51.400002,51.529999,50.990002,51.240002,49.910141,3068000.0,2021-07-02T00:00:00,BK
50.990002,51.099998,49.209999,49.490002,48.205559,6178800.0,2021-07-06T00:00:00,BK
49.209999,49.689999,48.91,49.48,48.195816,3009200.0,2021-07-07T00:00:00,BK
48.73,48.970001,48.029999,48.34,47.0854,4510800.0,2021-07-08T00:00:00,BK
49.32,50.09,49.09,49.93,48.634136,3569400.0,2021-07-09T00:00:00,BK
49.560001,50.540001,49.25,50.279999,48.975048,2990000.0,2021-07-12T00:00:00,BK
50.299999,50.48,49.650002,49.959999,48.663361,2722300.0,2021-07-13T00:00:00,BK
49.889999,50.389999,48.990002,49.279999,48.001003,4859200.0,2021-07-14T00:00:00,BK
48.290001,49.669998,47.57,48.68,47.41658,6848400.0,2021-07-15T00:00:00,BK
48.959999,49.59,48.509998,49.380001,48.098412,8166300.0,2021-07-16T00:00:00,BK
48.349998,48.560001,47.32,47.580002,46.345127,7374600.0,2021-07-19T00:00:00,BK
47.580002,49.959999,47.330002,49.439999,48.156849,6411300.0,2021-07-20T00:00:00,BK
49.810001,50.490002,49.599998,50.060001,48.760769,5143200.0,2021-07-21T00:00:00,BK
49.990002,50.060001,49.509998,49.830002,48.536736,4774100.0,2021-07-22T00:00:00,BK
50.209999,50.540001,49.689999,49.970001,48.6731,4411700.0,2021-07-23T00:00:00,BK
49.5,50.48,49.470001,50.25,49.281143,4557200.0,2021-07-26T00:00:00,BK
49.639999,50.84,49.43,50.189999,49.222301,6017600.0,2021-07-27T00:00:00,BK
50.41,50.880001,49.91,50.349998,49.379215,6609600.0,2021-07-28T00:00:00,BK
50.91,51.759998,50.580002,51.299999,50.310902,4450400.0,2021-07-29T00:00:00,BK
51.049999,51.68,50.959999,51.330002,50.340324,4527700.0,2021-07-30T00:00:00,BK
51.73,52.560001,51.209999,51.279999,50.291286,5429300.0,2021-08-02T00:00:00,BK
51.450001,52.310001,50.810001,52.0,50.997406,4523100.0,2021-08-03T00:00:00,BK
51.599998,52.07,51.220001,51.490002,50.497242,4305300.0,2021-08-04T00:00:00,BK
51.810001,52.25,51.59,51.799999,50.801262,4796300.0,2021-08-05T00:00:00,BK
52.400002,53.52,52.349998,53.16,52.13504,5601600.0,2021-08-06T00:00:00,BK
53.0,53.720001,52.73,53.380001,52.350803,4641400.0,2021-08-09T00:00:00,BK
53.220001,54.040001,53.16,53.830002,52.792122,4596300.0,2021-08-10T00:00:00,BK
54.02,54.860001,53.790001,54.77,53.714001,5026000.0,2021-08-11T00:00:00,BK
54.77,55.02,54.43,54.889999,53.83168,3872300.0,2021-08-12T00:00:00,BK
54.720001,54.990002,53.77,53.869999,52.831352,6786700.0,2021-08-13T00:00:00,BK
53.509998,54.369999,53.169998,54.27,53.22364,4338400.0,2021-08-16T00:00:00,BK
53.889999,54.330002,53.400002,53.799999,52.762699,4458100.0,2021-08-17T00:00:00,BK
53.599998,54.549999,53.259998,53.529999,52.497902,4584700.0,2021-08-18T00:00:00,BK
52.93,53.32,52.540001,52.77,51.752556,5392000.0,2021-08-19T00:00:00,BK
52.759998,53.52,52.439999,53.32,52.291954,4261800.0,2021-08-20T00:00:00,BK
53.630001,54.400002,53.630001,54.060001,53.017689,3598800.0,2021-08-23T00:00:00,BK
54.23,54.880001,54.040001,54.529999,53.478622,3503100.0,2021-08-24T00:00:00,BK
54.700001,55.970001,54.529999,55.57,54.498573,4656400.0,2021-08-25T00:00:00,BK
55.560001,55.880001,55.400002,55.48,54.410305,4310800.0,2021-08-26T00:00:00,BK
55.490002,56.5,55.400002,56.41,55.32238,4315600.0,2021-08-27T00:00:00,BK
56.599998,56.639999,55.16,55.18,54.116093,2473800.0,2021-08-30T00:00:00,BK
55.290001,55.599998,54.880001,55.220001,54.155323,3964000.0,2021-08-31T00:00:00,BK
55.240002,55.540001,54.189999,54.400002,53.351131,4792200.0,2021-09-01T00:00:00,BK
54.5,54.669998,54.07,54.310001,53.262867,3589700.0,2021-09-02T00:00:00,BK
54.41,54.490002,53.720001,53.93,52.89019,3049900.0,2021-09-03T00:00:00,BK
53.889999,54.0,53.0,53.119999,52.095806,3993100.0,2021-09-07T00:00:00,BK
53.009998,53.09,52.52,52.98,51.958511,4143100.0,2021-09-08T00:00:00,BK
52.860001,53.66,52.799999,52.880001,51.860439,4140400.0,2021-09-09T00:00:00,BK
53.23,53.25,51.860001,51.91,50.909142,6892500.0,2021-09-10T00:00:00,BK
52.290001,52.599998,51.82,52.240002,51.23278,4015600.0,2021-09-13T00:00:00,BK
52.330002,52.5,50.880001,51.139999,50.153988,4407100.0,2021-09-14T00:00:00,BK
51.200001,52.18,51.049999,52.07,51.066055,5786800.0,2021-09-15T00:00:00,BK
52.419998,52.560001,50.98,51.369999,50.379551,6188900.0,2021-09-16T00:00:00,BK
51.18,51.490002,50.470001,51.150002,50.163795,11538200.0,2021-09-17T00:00:00,BK
49.84,49.939999,48.740002,49.59,48.633869,6154500.0,2021-09-20T00:00:00,BK
49.82,49.990002,49.130001,49.299999,48.349461,4083100.0,2021-09-21T00:00:00,BK
49.990002,50.389999,49.779999,49.93,48.967316,4190700.0,2021-09-22T00:00:00,BK
50.580002,52.0,50.470001,51.5,50.507042,4696300.0,2021-09-23T00:00:00,BK
51.310001,52.139999,51.310001,51.549999,50.55608,2724800.0,2021-09-24T00:00:00,BK
52.040001,53.790001,51.959999,53.400002,52.370411,4790800.0,2021-09-27T00:00:00,BK
53.529999,54.290001,52.799999,52.91,51.889862,5439000.0,2021-09-28T00:00:00,BK
52.810001,52.98,52.360001,52.630001,51.615257,2829100.0,2021-09-29T00:00:00,BK
52.970001,53.169998,51.830002,51.84,50.840488,4400100.0,2021-09-30T00:00:00,BK
51.84,53.369999,51.830002,52.919998,51.899666,4899700.0,2021-10-01T00:00:00,BK
52.75,53.889999,52.669998,52.849998,51.831013,5220200.0,2021-10-04T00:00:00,BK
53.189999,54.740002,53.049999,54.419998,53.370743,4890800.0,2021-10-05T00:00:00,BK
53.84,54.779999,53.540001,54.540001,53.488434,5223500.0,2021-10-06T00:00:00,BK
55.139999,55.419998,54.400002,54.529999,53.478622,5684800.0,2021-10-07T00:00:00,BK
54.669998,56.139999,54.610001,55.84,54.763367,4712400.0,2021-10-08T00:00:00,BK
55.889999,56.650002,55.48,55.52,54.449535,4945300.0,2021-10-11T00:00:00,BK
55.509998,56.060001,55.279999,55.509998,54.439728,4697900.0,2021-10-12T00:00:00,BK
55.5,55.639999,54.450001,55.290001,54.223972,5423300.0,2021-10-13T00:00:00,BK
55.900002,56.630001,55.5,56.57,55.479294,6279800.0,2021-10-14T00:00:00,BK
57.040001,57.700001,56.73,57.16,56.057919,5498400.0,2021-10-15T00:00:00,BK
57.07,57.990002,57.0,57.41,56.303093,5218900.0,2021-10-18T00:00:00,BK
55.990002,57.700001,55.5,57.650002,56.538471,5765200.0,2021-10-19T00:00:00,BK
57.650002,59.66,57.470001,59.310001,58.166466,6276100.0,2021-10-20T00:00:00,BK
59.48,60.060001,59.130001,59.740002,58.588177,4178100.0,2021-10-21T00:00:00,BK
59.990002,60.52,59.52,59.709999,58.55875,4978500.0,2021-10-22T00:00:00,BK
59.82,59.900002,59.23,59.400002,58.25473,3416900.0,2021-10-25T00:00:00,BK
59.529999,59.59,58.950001,59.099998,57.960514,3896600.0,2021-10-26T00:00:00,BK
58.790001,59.490002,58.380001,58.450001,57.323048,4410600.0,2021-10-27T00:00:00,BK
58.490002,59.52,58.490002,59.439999,58.293953,3852400.0,2021-10-28T00:00:00,BK
59.169998,59.75,59.029999,59.200001,58.392593,4660700.0,2021-10-29T00:00:00,BK
59.849998,60.060001,59.48,60.02,59.201412,3694600.0,2021-11-01T00:00:00,BK
59.98,60.470001,59.790001,59.93,59.112637,3260900.0,2021-11-02T00:00:00,BK
59.669998,60.48,59.529999,60.09,59.270458,3024300.0,2021-11-03T00:00:00,BK
59.889999,60.009998,58.509998,59.060001,58.254505,3285400.0,2021-11-04T00:00:00,BK
59.459999,59.68,58.77,58.82,58.017776,3949600.0,2021-11-05T00:00:00,BK
59.16,59.459999,58.709999,58.98,58.175594,3218400.0,2021-11-08T00:00:00,BK
58.610001,58.869999,58.16,58.580002,57.781052,3770100.0,2021-11-09T00:00:00,BK
58.459999,59.599998,58.43,59.16,58.353142,4153300.0,2021-11-10T00:00:00,BK
59.139999,60.439999,58.939999,59.990002,59.171822,3831800.0,2021-11-11T00:00:00,BK
60.0,60.150002,59.610001,60.080002,59.260593,3394000.0,2021-11-12T00:00:00,BK
60.290001,60.380001,59.73,59.91,59.092911,2376000.0,2021-11-15T00:00:00,BK
59.830002,59.939999,59.130001,59.150002,58.343281,3395700.0,2021-11-16T00:00:00,BK
59.009998,59.189999,57.830002,58.049999,57.258278,2940600.0,2021-11-17T00:00:00,BK
58.130001,58.419998,57.580002,57.77,56.982098,2902500.0,2021-11-18T00:00:00,BK
57.16,57.48,56.360001,57.07,56.291645,3812600.0,2021-11-19T00:00:00,BK
57.799999,58.860001,57.66,58.209999,57.416096,2946600.0,2021-11-22T00:00:00,BK
58.630001,59.07,58.310001,59.009998,58.205185,2606300.0,2021-11-23T00:00:00,BK
58.849998,59.32,58.439999,58.919998,58.116409,2607900.0,2021-11-24T00:00:00,BK
56.810001,57.169998,55.970001,56.75,55.976009,3300100.0,2021-11-26T00:00:00,BK
57.400002,57.700001,56.700001,57.009998,56.232464,3797200.0,2021-11-29T00:00:00,BK
56.32,56.32,54.580002,54.790001,54.04274,7490200.0,2021-11-30T00:00:00,BK
56.09,56.490002,54.099998,54.139999,53.401608,4833300.0,2021-12-01T00:00:00,BK
54.610001,56.52,54.490002,56.150002,55.384193,4069900.0,2021-12-02T00:00:00,BK
56.259998,56.360001,54.389999,54.880001,54.131516,5346500.0,2021-12-03T00:00:00,BK
55.23,56.16,54.740002,55.43,54.674011,3789800.0,2021-12-06T00:00:00,BK
55.970001,56.349998,55.560001,56.130001,55.364468,4105700.0,2021-12-07T00:00:00,BK
56.080002,57.419998,55.82,56.32,55.551872,5629900.0,2021-12-08T00:00:00,BK
56.200001,57.619999,55.860001,57.080002,56.30151,5190100.0,2021-12-09T00:00:00,BK
57.419998,57.470001,56.619999,56.73,55.95628,4363400.0,2021-12-10T00:00:00,BK
56.66,56.66,55.84,56.130001,55.364468,3415600.0,2021-12-13T00:00:00,BK
56.18,57.43,56.139999,56.779999,56.005596,3663400.0,2021-12-14T00:00:00,BK
56.900002,57.060001,55.880001,56.900002,56.123962,3755100.0,2021-12-15T00:00:00,BK
58.43,58.759998,57.669998,58.419998,57.623234,5397800.0,2021-12-16T00:00:00,BK
58.139999,58.360001,56.880001,57.5,56.715778,14390300.0,2021-12-17T00:00:00,BK
56.68,57.0,55.34,56.48,55.709694,4102100.0,2021-12-20T00:00:00,BK
57.16,58.130001,57.139999,57.889999,57.100464,3413100.0,2021-12-21T00:00:00,BK
57.849998,58.259998,57.689999,57.91,57.120186,2337600.0,2021-12-22T00:00:00,BK
58.18,58.82,58.02,58.110001,57.317459,1841900.0,2021-12-23T00:00:00,BK
58.200001,58.529999,57.93,58.52,57.72187,2388300.0,2021-12-27T00:00:00,BK
58.389999,58.98,58.34,58.459999,57.662685,1810900.0,2021-12-28T00:00:00,BK
58.619999,58.849998,58.290001,58.369999,57.573914,1828500.0,2021-12-29T00:00:00,BK
58.290001,58.68,57.93,57.970001,57.179371,1587000.0,2021-12-30T00:00:00,BK
57.959999,58.299999,57.860001,58.080002,57.287872,1912000.0,2021-12-31T00:00:00,BK
58.599998,59.02,58.349998,58.509998,57.712002,3254600.0,2022-01-03T00:00:00,BK
59.360001,61.220001,59.330002,60.599998,59.773499,4918600.0,2022-01-04T00:00:00,BK
61.209999,61.619999,60.060001,60.18,59.359226,3673300.0,2022-01-05T00:00:00,BK
61.0,61.439999,60.240002,61.299999,60.463951,3510400.0,2022-01-06T00:00:00,BK
61.360001,62.389999,60.990002,62.330002,61.479908,5161700.0,2022-01-07T00:00:00,BK
63.130001,63.419998,62.02,62.799999,61.943493,5214700.0,2022-01-10T00:00:00,BK
62.700001,63.279999,61.950001,63.07,62.209812,4054300.0,2022-01-11T00:00:00,BK
63.349998,63.919998,62.869999,63.549999,62.683266,6411300.0,2022-01-12T00:00:00,BK
63.560001,64.529999,63.490002,63.650002,62.781902,4159900.0,2022-01-13T00:00:00,BK
63.200001,63.689999,62.16,63.599998,62.732582,5777500.0,2022-01-14T00:00:00,BK
61.689999,63.220001,61.5,62.919998,62.061855,6765000.0,2022-01-18T00:00:00,BK
63.189999,63.200001,58.98,59.240002,58.432049,6248600.0,2022-01-19T00:00:00,BK
59.259998,61.209999,58.950001,59.919998,59.102772,6989800.0,2022-01-20T00:00:00,BK
59.68,59.759998,56.860001,57.18,56.400143,5983600.0,2022-01-21T00:00:00,BK
56.049999,59.040001,55.169998,58.900002,58.096687,7162100.0,2022-01-24T00:00:00,BK
58.330002,59.599998,57.040001,59.02,58.21505,5919600.0,2022-01-25T00:00:00,BK
59.650002,60.349998,58.169998,58.919998,58.116409,5581800.0,2022-01-26T00:00:00,BK
59.509998,60.68,57.59,58.369999,57.573914,4958500.0,2022-01-27T00:00:00,BK
57.860001,58.509998,57.0,58.48,58.020378,4127000.0,2022-01-28T00:00:00,BK
58.07,59.330002,57.549999,59.259998,58.794247,6889500.0,2022-01-31T00:00:00,BK
59.580002,60.91,59.049999,60.689999,60.213009,4779000.0,2022-02-01T00:00:00,BK
60.560001,61.119999,60.189999,61.049999,60.570179,4346000.0,2022-02-02T00:00:00,BK
61.349998,61.68,60.630001,60.77,60.292381,2957300.0,2022-02-03T00:00:00,BK
60.869999,62.66,60.610001,61.810001,61.324207,4373500.0,2022-02-04T00:00:00,BK
61.959999,62.540001,61.630001,62.25,61.76075,2890600.0,2022-02-07T00:00:00,BK
63.110001,63.970001,62.689999,63.619999,63.11998,4925900.0,2022-02-08T00:00:00,BK
63.919998,63.919998,63.110001,63.66,63.159668,3345100.0,2022-02-09T00:00:00,BK
62.830002,64.629997,62.830002,63.470001,62.971161,6032900.0,2022-02-10T00:00:00,BK
63.150002,64.300003,61.91,62.330002,61.840122,6374800.0,2022-02-11T00:00:00,BK
62.349998,62.529999,60.77,61.470001,60.986881,5335400.0,2022-02-14T00:00:00,BK
62.130001,62.560001,61.810001,62.23,61.740906,4486100.0,2022-02-15T00:00:00,BK
61.810001,62.889999,61.59,62.5,62.008781,3657800.0,2022-02-16T00:00:00,BK
61.48,61.689999,57.299999,57.349998,56.899258,9864700.0,2022-02-17T00:00:00,BK
57.09,57.459999,56.009998,56.380001,55.936886,7611500.0,2022-02-18T00:00:00,BK
56.0,56.630001,55.200001,55.639999,55.202698,6203800.0,2022-02-22T00:00:00,BK
56.0,56.25,53.09,53.349998,52.930695,6770600.0,2022-02-23T00:00:00,BK
51.689999,52.700001,50.610001,52.5,52.087379,8487900.0,2022-02-24T00:00:00,BK
52.970001,54.48,52.810001,54.369999,53.94268,6413200.0,2022-02-25T00:00:00,BK
52.59,53.5,52.349998,53.150002,52.732269,9772300.0,2022-02-28T00:00:00,BK
52.759998,52.759998,49.810001,50.580002,50.182468,8434800.0,2022-03-01T00:00:00,BK
51.16,52.720001,51.16,52.139999,51.730206,4690600.0,2022-03-02T00:00:00,BK
52.25,52.860001,51.57,52.360001,51.948479,4794700.0,2022-03-03T00:00:00,BK
50.919998,51.23,50.209999,50.919998,50.519794,6249000.0,2022-03-04T00:00:00,BK
50.389999,50.84,49.82,50.009998,49.616947,8228800.0,2022-03-07T00:00:00,BK
50.689999,51.830002,49.889999,50.73,50.331287,8072500.0,2022-03-08T00:00:00,BK
52.810001,53.360001,52.02,52.18,51.769894,6970500.0,2022-03-09T00:00:00,BK
50.720001,51.18,48.84,50.0,49.607025,9396000.0,2022-03-10T00:00:00,BK
50.860001,51.119999,49.799999,50.0,49.607025,5755500.0,2022-03-11T00:00:00,BK
50.779999,51.310001,50.240002,50.529999,50.132858,6226200.0,2022-03-14T00:00:00,BK
50.84,50.990002,49.950001,50.549999,50.152702,5743700.0,2022-03-15T00:00:00,BK
51.57,52.709999,50.91,51.91,51.502014,7218600.0,2022-03-16T00:00:00,BK
51.060001,52.540001,50.369999,52.509998,52.097298,7149500.0,2022-03-17T00:00:00,BK
52.52,52.580002,51.119999,52.299999,51.88895,19554900.0,2022-03-18T00:00:00,BK
52.639999,52.91,51.790001,52.18,51.769894,6884400.0,2022-03-21T00:00:00,BK
52.869999,53.459999,52.310001,52.689999,52.275883,5306600.0,2022-03-22T00:00:00,BK
52.400002,52.68,51.68,51.73,51.323429,3659100.0,2022-03-23T00:00:00,BK
52.040001,52.200001,51.450001,52.040001,51.630993,3879600.0,2022-03-24T00:00:00,BK
52.09,53.009998,52.029999,52.740002,52.325493,4283300.0,2022-03-25T00:00:00,BK
52.790001,52.799999,51.900002,52.509998,52.097298,4195900.0,2022-03-28T00:00:00,BK
53.380001,53.630001,52.299999,52.740002,52.325493,3567800.0,2022-03-29T00:00:00,BK
52.099998,52.43,51.560001,51.84,51.432564,4156500.0,2022-03-30T00:00:00,BK
51.509998,51.77,49.610001,49.630001,49.239937,5804700.0,2022-03-31T00:00:00,BK
50.290001,50.48,49.099998,49.450001,49.061352,4259800.0,2022-04-01T00:00:00,BK
49.5,49.830002,48.57,49.509998,49.120876,5495000.0,2022-04-04T00:00:00,BK
49.259998,49.619999,48.740002,48.959999,48.575199,4317500.0,2022-04-05T00:00:00,BK
48.700001,48.73,47.959999,48.200001,47.821175,5110400.0,2022-04-06T00:00:00,BK
48.110001,48.41,46.950001,47.759998,47.384628,4522700.0,2022-04-07T00:00:00,BK
47.959999,48.619999,47.77,48.34,47.960072,3155600.0,2022-04-08T00:00:00,BK
48.0,48.919998,47.790001,48.07,47.692196,3728500.0,2022-04-11T00:00:00,BK
47.810001,48.630001,47.419998,47.650002,47.275497,4187000.0,2022-04-12T00:00:00,BK
47.279999,48.389999,46.880001,48.34,47.960072,6034000.0,2022-04-13T00:00:00,BK
48.439999,48.970001,47.259998,47.290001,46.918327,7289000.0,2022-04-14T00:00:00,BK
45.599998,46.66,44.990002,46.209999,45.846813,6036300.0,2022-04-18T00:00:00,BK
46.330002,46.82,46.150002,46.52,46.154377,6382600.0,2022-04-19T00:00:00,BK
46.970001,47.529999,46.790001,47.02,46.650448,4966400.0,2022-04-20T00:00:00,BK
47.57,47.77,46.040001,46.150002,45.787289,4681200.0,2022-04-21T00:00:00,BK
45.900002,46.049999,44.139999,44.209999,43.862534,4750900.0,2022-04-22T00:00:00,BK
43.790001,44.48,43.139999,44.369999,44.021275,6538100.0,2022-04-25T00:00:00,BK
43.990002,44.52,43.25,43.259998,42.919998,6224600.0,2022-04-26T00:00:00,BK
42.490002,42.91,42.18,42.349998,42.349998,6646700.0,2022-04-27T00:00:00,BK
43.209999,43.540001,42.349998,43.459999,43.459999,5682900.0,2022-04-28T00:00:00,BK
43.470001,43.68,41.959999,42.060001,42.060001,4450400.0,2022-04-29T00:00:00,BK
42.369999,42.939999,41.77,42.700001,42.700001,8096800.0,2022-05-02T00:00:00,BK
42.939999,43.689999,42.529999,43.110001,43.110001,7146200.0,2022-05-03T00:00:00,BK
43.23,44.849998,42.959999,44.799999,44.799999,5974100.0,2022-05-04T00:00:00,BK
44.330002,44.330002,43.25,44.099998,44.099998,5736300.0,2022-05-05T00:00:00,BK
44.080002,44.139999,43.200001,43.759998,43.759998,4788000.0,2022-05-06T00:00:00,BK
43.25,43.82,42.889999,43.209999,43.209999,4976100.0,2022-05-09T00:00:00,BK
43.619999,44.049999,42.25,42.959999,42.959999,5286900.0,2022-05-10T00:00:00,BK
43.110001,44.009998,42.360001,42.43,42.43,5479000.0,2022-05-11T00:00:00,BK
42.16,43.169998,41.900002,42.810001,42.810001,5360100.0,2022-05-12T00:00:00,BK
43.310001,43.810001,42.93,43.459999,43.459999,4247600.0,2022-05-13T00:00:00,BK
43.32,43.66,42.5,43.240002,43.240002,3554600.0,2022-05-16T00:00:00,BK
44.189999,44.759998,43.880001,44.59,44.59,3985900.0,2022-05-17T00:00:00,BK
44.200001,44.259998,43.139999,43.290001,43.290001,4077100.0,2022-05-18T00:00:00,BK
42.48,43.75,42.439999,43.32,43.32,7210000.0,2022-05-19T00:00:00,BK
43.77,44.130001,42.950001,43.77,43.77,5013600.0,2022-05-20T00:00:00,BK
44.700001,45.189999,44.23,44.68,44.68,4231200.0,2022-05-23T00:00:00,BK
44.360001,44.599998,43.150002,44.34,44.34,4504500.0,2022-05-24T00:00:00,BK
44.209999,45.009998,44.119999,44.720001,44.720001,4350900.0,2022-05-25T00:00:00,BK
45.349998,45.869999,45.290001,45.66,45.66,3251800.0,2022-05-26T00:00:00,BK
45.75,46.48,45.700001,46.48,46.48,3354000.0,2022-05-27T00:00:00,BK
46.18,46.98,45.639999,46.610001,46.610001,7085800.0,2022-05-31T00:00:00,BK
46.57,46.669998,45.02,45.650002,45.650002,3910600.0,2022-06-01T00:00:00,BK
45.77,46.5,45.380001,46.470001,46.470001,3506700.0,2022-06-02T00:00:00,BK
46.110001,46.259998,45.560001,45.59,45.59,2453600.0,2022-06-03T00:00:00,BK
46.060001,46.740002,45.830002,45.950001,45.950001,3018200.0,2022-06-06T00:00:00,BK
45.52,46.439999,45.310001,46.34,46.34,3108100.0,2022-06-07T00:00:00,BK
45.82,46.09,45.220001,45.34,45.34,2943100.0,2022-06-08T00:00:00,BK
45.0,45.380001,44.009998,44.040001,44.040001,2716500.0,2022-06-09T00:00:00,BK
43.119999,43.419998,42.540001,42.790001,42.790001,4777600.0,2022-06-10T00:00:00,BK
41.950001,42.139999,41.130001,41.470001,41.470001,6128700.0,2022-06-13T00:00:00,BK
41.700001,42.07,40.259998,40.599998,40.599998,5924800.0,2022-06-14T00:00:00,BK
41.290001,42.459999,41.290001,41.869999,41.869999,6116900.0,2022-06-15T00:00:00,BK
41.029999,41.279999,40.43,41.209999,41.209999,5415900.0,2022-06-16T00:00:00,BK
41.360001,41.959999,40.990002,41.130001,41.130001,9578100.0,2022-06-17T00:00:00,BK
42.240002,42.450001,41.810001,42.32,42.32,3540400.0,2022-06-21T00:00:00,BK
41.75,42.5,41.75,42.23,42.23,5059200.0,2022-06-22T00:00:00,BK
42.130001,42.369999,41.209999,42.0,42.0,4429500.0,2022-06-23T00:00:00,BK
42.029999,43.790001,42.029999,43.599998,43.599998,15201800.0,2022-06-24T00:00:00,BK
43.709999,43.779999,42.869999,43.060001,43.060001,3135500.0,2022-06-27T00:00:00,BK
43.540001,44.049999,42.75,42.860001,42.860001,2969200.0,2022-06-28T00:00:00,BK
42.84,43.040001,42.209999,42.41,42.41,4320000.0,2022-06-29T00:00:00,BK
41.549999,42.150002,41.099998,41.709999,41.709999,3223500.0,2022-06-30T00:00:00,BK
41.380001,42.560001,41.150002,42.419998,42.419998,2891000.0,2022-07-01T00:00:00,BK
41.580002,42.099998,40.98,42.080002,42.080002,3026600.0,2022-07-05T00:00:00,BK
41.75,41.990002,41.130001,41.580002,41.580002,2567100.0,2022-07-06T00:00:00,BK
42.07,42.610001,41.939999,42.290001,42.290001,2585200.0,2022-07-07T00:00:00,BK
42.5,42.630001,41.68,42.299999,42.299999,492127.0,2022-07-08T00:00:00,BK
